ISO-10303-21;
HEADER;
FILE_DESCRIPTION(('STEP AP242'),'1');
FILE_NAME('2147210021.stp','2024-12-10T12:28:34',('TraceParts'),('TraceParts S.A.'),'Spatial InterOp 3D',' ',' ');
FILE_SCHEMA(('AP242_MANAGED_MODEL_BASED_3D_ENGINEERING_MIM_LF  {1 0 10303 442 1 1 4}'));
ENDSEC;
DATA;
#1=MECHANICAL_DESIGN_GEOMETRIC_PRESENTATION_REPRESENTATION(' ',(#10),#6);
#2=PRODUCT_DEFINITION_CONTEXT('',#11,'design');
#3=APPLICATION_PROTOCOL_DEFINITION('INTERNATIONAL STANDARD','ap242_managed_model_based_3d_engineering',2014,#11);
#4=PRODUCT_CATEGORY_RELATIONSHIP('NONE','NONE',#12,#13);
#5=SHAPE_DEFINITION_REPRESENTATION(#14,#15);
#6= (GEOMETRIC_REPRESENTATION_CONTEXT(3)GLOBAL_UNCERTAINTY_ASSIGNED_CONTEXT((#18))GLOBAL_UNIT_ASSIGNED_CONTEXT((#20,#21,#22))REPRESENTATION_CONTEXT('NONE','WORKSPACE'));
#10=STYLED_ITEM('',(#24),#25);
#11=APPLICATION_CONTEXT('managed model based 3d engineering');
#12=PRODUCT_CATEGORY('part','NONE');
#13=PRODUCT_RELATED_PRODUCT_CATEGORY('detail',' ',(#26));
#14=PRODUCT_DEFINITION_SHAPE('NONE','NONE',#27);
#15=ADVANCED_BREP_SHAPE_REPRESENTATION('2147210021',(#25,#28),#6);
#18=UNCERTAINTY_MEASURE_WITH_UNIT(LENGTH_MEASURE(1.0E-06),#20,'','');
#20= (CONVERSION_BASED_UNIT('MILLIMETRE',#31)LENGTH_UNIT()NAMED_UNIT(#34));
#21= (NAMED_UNIT(#36)PLANE_ANGLE_UNIT()SI_UNIT($,.RADIAN.));
#22= (NAMED_UNIT(#36)SOLID_ANGLE_UNIT()SI_UNIT($,.STERADIAN.));
#24=PRESENTATION_STYLE_ASSIGNMENT((#42));
#25=MANIFOLD_SOLID_BREP('2147210021',#43);
#26=PRODUCT('2147210021','','PART--DESC',(#44));
#27=PRODUCT_DEFINITION('','NONE',#45,#2);
#28=AXIS2_PLACEMENT_3D('',#46,#47,#48);
#31=LENGTH_MEASURE_WITH_UNIT(LENGTH_MEASURE(1.0),#49);
#34=DIMENSIONAL_EXPONENTS(1.0,0.0,0.0,0.0,0.0,0.0,0.0);
#36=DIMENSIONAL_EXPONENTS(0.0,0.0,0.0,0.0,0.0,0.0,0.0);
#42=SURFACE_STYLE_USAGE(.BOTH.,#50);
#43=CLOSED_SHELL('',(#51,#52,#53,#54,#55,#56,#57,#58,#59,#60,#61,#62,#63,#64,#65,#66,#67,#68,#69,#70,#71,#72,#73,#74,#75,#76,#77,#78,#79,#80,#81,#82,#83,#84,#85,#86,#87,#88,#89,#90,#91,#92,#93,#94,#95,#96,#97,#98,#99,#100,#101,#102,#103,#104,#105,#106,#107,#108,#109,#110,#111,#112,#113,#114,#115,#116,#117,#118,#119,#120,#121,#122,#123,#124,#125,#126,#127,#128,#129,#130,#131,#132,#133,#134,#135,#136,#137,#138,#139,#140,#141,#142,#143,#144,#145,#146,#147,#148,#149,#150,#151,#152,#153,#154,#155,#156,#157,#158,#159,#160,#161,#162,#163,#164,#165,#166,#167,#168,#169,#170,#171,#172,#173,#174,#175,#176,#177,#178,#179,#180,#181,#182,#183,#184,#185,#186,#187,#188,#189,#190,#191,#192,#193,#194,#195,#196,#197,#198,#199,#200,#201,#202,#203,#204,#205,#206,#207));
#44=PRODUCT_CONTEXT('',#11,'mechanical');
#45=PRODUCT_DEFINITION_FORMATION_WITH_SPECIFIED_SOURCE(' ','NONE',#26,.NOT_KNOWN.);
#46=CARTESIAN_POINT('',(0.0,0.0,0.0));
#47=DIRECTION('',(0.0,0.0,1.0));
#48=DIRECTION('',(1.0,0.0,0.0));
#49= (NAMED_UNIT(#34)LENGTH_UNIT()SI_UNIT(.MILLI.,.METRE.));
#50=SURFACE_SIDE_STYLE('',(#209));
#51=ADVANCED_FACE('',(#210),#211,.F.);
#52=ADVANCED_FACE('',(#212),#213,.F.);
#53=ADVANCED_FACE('',(#214),#215,.T.);
#54=ADVANCED_FACE('',(#216),#217,.T.);
#55=ADVANCED_FACE('',(#218),#219,.T.);
#56=ADVANCED_FACE('',(#220),#221,.T.);
#57=ADVANCED_FACE('',(#222),#223,.T.);
#58=ADVANCED_FACE('',(#224),#225,.F.);
#59=ADVANCED_FACE('',(#226),#227,.T.);
#60=ADVANCED_FACE('',(#228,#229),#230,.F.);
#61=ADVANCED_FACE('',(#231),#232,.F.);
#62=ADVANCED_FACE('',(#233),#234,.F.);
#63=ADVANCED_FACE('',(#235),#236,.F.);
#64=ADVANCED_FACE('',(#237),#238,.F.);
#65=ADVANCED_FACE('',(#239),#240,.F.);
#66=ADVANCED_FACE('',(#241,#242),#243,.F.);
#67=ADVANCED_FACE('',(#244),#245,.F.);
#68=ADVANCED_FACE('',(#246),#247,.F.);
#69=ADVANCED_FACE('',(#248,#249),#250,.F.);
#70=ADVANCED_FACE('',(#251),#252,.F.);
#71=ADVANCED_FACE('',(#253),#254,.F.);
#72=ADVANCED_FACE('',(#255),#256,.F.);
#73=ADVANCED_FACE('',(#257),#258,.F.);
#74=ADVANCED_FACE('',(#259),#260,.T.);
#75=ADVANCED_FACE('',(#261),#262,.F.);
#76=ADVANCED_FACE('',(#263),#264,.F.);
#77=ADVANCED_FACE('',(#265),#266,.F.);
#78=ADVANCED_FACE('',(#267),#268,.F.);
#79=ADVANCED_FACE('',(#269),#270,.F.);
#80=ADVANCED_FACE('',(#271),#272,.F.);
#81=ADVANCED_FACE('',(#273),#274,.F.);
#82=ADVANCED_FACE('',(#275),#276,.F.);
#83=ADVANCED_FACE('',(#277),#278,.F.);
#84=ADVANCED_FACE('',(#279),#280,.T.);
#85=ADVANCED_FACE('',(#281),#282,.F.);
#86=ADVANCED_FACE('',(#283),#284,.F.);
#87=ADVANCED_FACE('',(#285),#286,.F.);
#88=ADVANCED_FACE('',(#287),#288,.F.);
#89=ADVANCED_FACE('',(#289),#290,.F.);
#90=ADVANCED_FACE('',(#291),#292,.F.);
#91=ADVANCED_FACE('',(#293),#294,.F.);
#92=ADVANCED_FACE('',(#295),#296,.F.);
#93=ADVANCED_FACE('',(#297),#298,.F.);
#94=ADVANCED_FACE('',(#299),#300,.F.);
#95=ADVANCED_FACE('',(#301),#302,.F.);
#96=ADVANCED_FACE('',(#303),#304,.F.);
#97=ADVANCED_FACE('',(#305),#306,.F.);
#98=ADVANCED_FACE('',(#307),#308,.F.);
#99=ADVANCED_FACE('',(#309),#310,.F.);
#100=ADVANCED_FACE('',(#311),#312,.T.);
#101=ADVANCED_FACE('',(#313),#314,.T.);
#102=ADVANCED_FACE('',(#315),#316,.F.);
#103=ADVANCED_FACE('',(#317),#318,.F.);
#104=ADVANCED_FACE('',(#319),#320,.F.);
#105=ADVANCED_FACE('',(#321),#322,.F.);
#106=ADVANCED_FACE('',(#323),#324,.F.);
#107=ADVANCED_FACE('',(#325),#326,.T.);
#108=ADVANCED_FACE('',(#327),#328,.T.);
#109=ADVANCED_FACE('',(#329),#330,.T.);
#110=ADVANCED_FACE('',(#331),#332,.T.);
#111=ADVANCED_FACE('',(#333),#334,.T.);
#112=ADVANCED_FACE('',(#335),#336,.F.);
#113=ADVANCED_FACE('',(#337),#338,.T.);
#114=ADVANCED_FACE('',(#339),#340,.F.);
#115=ADVANCED_FACE('',(#341),#342,.F.);
#116=ADVANCED_FACE('',(#343),#344,.F.);
#117=ADVANCED_FACE('',(#345),#346,.F.);
#118=ADVANCED_FACE('',(#347),#348,.F.);
#119=ADVANCED_FACE('',(#349),#350,.F.);
#120=ADVANCED_FACE('',(#351),#352,.T.);
#121=ADVANCED_FACE('',(#353),#354,.F.);
#122=ADVANCED_FACE('',(#355),#356,.F.);
#123=ADVANCED_FACE('',(#357),#358,.F.);
#124=ADVANCED_FACE('',(#359),#360,.T.);
#125=ADVANCED_FACE('',(#361),#362,.F.);
#126=ADVANCED_FACE('',(#363),#364,.F.);
#127=ADVANCED_FACE('',(#365),#366,.T.);
#128=ADVANCED_FACE('',(#367),#368,.F.);
#129=ADVANCED_FACE('',(#369),#370,.F.);
#130=ADVANCED_FACE('',(#371),#372,.T.);
#131=ADVANCED_FACE('',(#373),#374,.F.);
#132=ADVANCED_FACE('',(#375),#376,.F.);
#133=ADVANCED_FACE('',(#377),#378,.F.);
#134=ADVANCED_FACE('',(#379),#380,.T.);
#135=ADVANCED_FACE('',(#381),#382,.F.);
#136=ADVANCED_FACE('',(#383),#384,.T.);
#137=ADVANCED_FACE('',(#385),#386,.F.);
#138=ADVANCED_FACE('',(#387),#388,.F.);
#139=ADVANCED_FACE('',(#389),#390,.F.);
#140=ADVANCED_FACE('',(#391),#392,.F.);
#141=ADVANCED_FACE('',(#393),#394,.T.);
#142=ADVANCED_FACE('',(#395),#396,.F.);
#143=ADVANCED_FACE('',(#397),#398,.F.);
#144=ADVANCED_FACE('',(#399),#400,.T.);
#145=ADVANCED_FACE('',(#401),#402,.F.);
#146=ADVANCED_FACE('',(#403),#404,.F.);
#147=ADVANCED_FACE('',(#405),#406,.F.);
#148=ADVANCED_FACE('',(#407),#408,.T.);
#149=ADVANCED_FACE('',(#409),#410,.F.);
#150=ADVANCED_FACE('',(#411),#412,.F.);
#151=ADVANCED_FACE('',(#413),#414,.F.);
#152=ADVANCED_FACE('',(#415),#416,.F.);
#153=ADVANCED_FACE('',(#417),#418,.T.);
#154=ADVANCED_FACE('',(#419),#420,.T.);
#155=ADVANCED_FACE('',(#421),#422,.F.);
#156=ADVANCED_FACE('',(#423),#424,.T.);
#157=ADVANCED_FACE('',(#425),#426,.T.);
#158=ADVANCED_FACE('',(#427),#428,.T.);
#159=ADVANCED_FACE('',(#429),#430,.T.);
#160=ADVANCED_FACE('',(#431),#432,.F.);
#161=ADVANCED_FACE('',(#433),#434,.T.);
#162=ADVANCED_FACE('',(#435),#436,.T.);
#163=ADVANCED_FACE('',(#437),#438,.T.);
#164=ADVANCED_FACE('',(#439),#440,.T.);
#165=ADVANCED_FACE('',(#441),#442,.F.);
#166=ADVANCED_FACE('',(#443),#444,.F.);
#167=ADVANCED_FACE('',(#445),#446,.F.);
#168=ADVANCED_FACE('',(#447),#448,.T.);
#169=ADVANCED_FACE('',(#449),#450,.F.);
#170=ADVANCED_FACE('',(#451),#452,.F.);
#171=ADVANCED_FACE('',(#453),#454,.T.);
#172=ADVANCED_FACE('',(#455),#456,.T.);
#173=ADVANCED_FACE('',(#457),#458,.T.);
#174=ADVANCED_FACE('',(#459),#460,.T.);
#175=ADVANCED_FACE('',(#461),#462,.F.);
#176=ADVANCED_FACE('',(#463),#464,.T.);
#177=ADVANCED_FACE('',(#465),#466,.F.);
#178=ADVANCED_FACE('',(#467),#468,.F.);
#179=ADVANCED_FACE('',(#469),#470,.F.);
#180=ADVANCED_FACE('',(#471),#472,.F.);
#181=ADVANCED_FACE('',(#473),#474,.F.);
#182=ADVANCED_FACE('',(#475),#476,.F.);
#183=ADVANCED_FACE('',(#477),#478,.T.);
#184=ADVANCED_FACE('',(#479),#480,.F.);
#185=ADVANCED_FACE('',(#481),#482,.F.);
#186=ADVANCED_FACE('',(#483),#484,.F.);
#187=ADVANCED_FACE('',(#485),#486,.T.);
#188=ADVANCED_FACE('',(#487),#488,.F.);
#189=ADVANCED_FACE('',(#489),#490,.F.);
#190=ADVANCED_FACE('',(#491),#492,.T.);
#191=ADVANCED_FACE('',(#493),#494,.F.);
#192=ADVANCED_FACE('',(#495),#496,.F.);
#193=ADVANCED_FACE('',(#497),#498,.T.);
#194=ADVANCED_FACE('',(#499),#500,.F.);
#195=ADVANCED_FACE('',(#501),#502,.F.);
#196=ADVANCED_FACE('',(#503),#504,.F.);
#197=ADVANCED_FACE('',(#505),#506,.T.);
#198=ADVANCED_FACE('',(#507),#508,.F.);
#199=ADVANCED_FACE('',(#509),#510,.T.);
#200=ADVANCED_FACE('',(#511),#512,.F.);
#201=ADVANCED_FACE('',(#513),#514,.F.);
#202=ADVANCED_FACE('',(#515),#516,.F.);
#203=ADVANCED_FACE('',(#517),#518,.F.);
#204=ADVANCED_FACE('',(#519),#520,.F.);
#205=ADVANCED_FACE('',(#521),#522,.F.);
#206=ADVANCED_FACE('',(#523),#524,.F.);
#207=ADVANCED_FACE('',(#525),#526,.F.);
#209=SURFACE_STYLE_FILL_AREA(#527);
#210=FACE_OUTER_BOUND('',#528,.T.);
#211=PLANE('',#529);
#212=FACE_OUTER_BOUND('',#530,.T.);
#213=PLANE('',#531);
#214=FACE_OUTER_BOUND('',#532,.T.);
#215=PLANE('',#533);
#216=FACE_OUTER_BOUND('',#534,.T.);
#217=PLANE('',#535);
#218=FACE_OUTER_BOUND('',#536,.T.);
#219=PLANE('',#537);
#220=FACE_OUTER_BOUND('',#538,.T.);
#221=CYLINDRICAL_SURFACE('',#539,0.3);
#222=FACE_OUTER_BOUND('',#540,.T.);
#223=PLANE('',#541);
#224=FACE_OUTER_BOUND('',#542,.T.);
#225=CYLINDRICAL_SURFACE('',#543,0.1);
#226=FACE_OUTER_BOUND('',#544,.T.);
#227=PLANE('',#545);
#228=FACE_BOUND('',#546,.T.);
#229=FACE_OUTER_BOUND('',#547,.T.);
#230=PLANE('',#548);
#231=FACE_OUTER_BOUND('',#549,.T.);
#232=PLANE('',#550);
#233=FACE_OUTER_BOUND('',#551,.T.);
#234=CYLINDRICAL_SURFACE('',#552,0.0999999999999999);
#235=FACE_OUTER_BOUND('',#553,.T.);
#236=PLANE('',#554);
#237=FACE_OUTER_BOUND('',#555,.T.);
#238=PLANE('',#556);
#239=FACE_OUTER_BOUND('',#557,.T.);
#240=PLANE('',#558);
#241=FACE_BOUND('',#559,.T.);
#242=FACE_OUTER_BOUND('',#560,.T.);
#243=PLANE('',#561);
#244=FACE_OUTER_BOUND('',#562,.T.);
#245=PLANE('',#563);
#246=FACE_OUTER_BOUND('',#564,.T.);
#247=PLANE('',#565);
#248=FACE_BOUND('',#566,.T.);
#249=FACE_OUTER_BOUND('',#567,.T.);
#250=PLANE('',#568);
#251=FACE_OUTER_BOUND('',#569,.T.);
#252=PLANE('',#570);
#253=FACE_OUTER_BOUND('',#571,.T.);
#254=PLANE('',#572);
#255=FACE_OUTER_BOUND('',#573,.T.);
#256=PLANE('',#574);
#257=FACE_OUTER_BOUND('',#575,.T.);
#258=PLANE('',#576);
#259=FACE_OUTER_BOUND('',#577,.T.);
#260=PLANE('',#578);
#261=FACE_OUTER_BOUND('',#579,.T.);
#262=PLANE('',#580);
#263=FACE_OUTER_BOUND('',#581,.T.);
#264=PLANE('',#582);
#265=FACE_OUTER_BOUND('',#583,.T.);
#266=PLANE('',#584);
#267=FACE_OUTER_BOUND('',#585,.T.);
#268=PLANE('',#586);
#269=FACE_OUTER_BOUND('',#587,.T.);
#270=PLANE('',#588);
#271=FACE_OUTER_BOUND('',#589,.T.);
#272=PLANE('',#590);
#273=FACE_OUTER_BOUND('',#591,.T.);
#274=PLANE('',#592);
#275=FACE_OUTER_BOUND('',#593,.T.);
#276=PLANE('',#594);
#277=FACE_OUTER_BOUND('',#595,.T.);
#278=PLANE('',#596);
#279=FACE_OUTER_BOUND('',#597,.T.);
#280=PLANE('',#598);
#281=FACE_OUTER_BOUND('',#599,.T.);
#282=PLANE('',#600);
#283=FACE_OUTER_BOUND('',#601,.T.);
#284=PLANE('',#602);
#285=FACE_OUTER_BOUND('',#603,.T.);
#286=PLANE('',#604);
#287=FACE_OUTER_BOUND('',#605,.T.);
#288=PLANE('',#606);
#289=FACE_OUTER_BOUND('',#607,.T.);
#290=PLANE('',#608);
#291=FACE_OUTER_BOUND('',#609,.T.);
#292=PLANE('',#610);
#293=FACE_OUTER_BOUND('',#611,.T.);
#294=PLANE('',#612);
#295=FACE_OUTER_BOUND('',#613,.T.);
#296=PLANE('',#614);
#297=FACE_OUTER_BOUND('',#615,.T.);
#298=PLANE('',#616);
#299=FACE_OUTER_BOUND('',#617,.T.);
#300=PLANE('',#618);
#301=FACE_OUTER_BOUND('',#619,.T.);
#302=PLANE('',#620);
#303=FACE_OUTER_BOUND('',#621,.T.);
#304=PLANE('',#622);
#305=FACE_OUTER_BOUND('',#623,.T.);
#306=PLANE('',#624);
#307=FACE_OUTER_BOUND('',#625,.T.);
#308=PLANE('',#626);
#309=FACE_OUTER_BOUND('',#627,.T.);
#310=PLANE('',#628);
#311=FACE_OUTER_BOUND('',#629,.T.);
#312=CYLINDRICAL_SURFACE('',#630,0.15);
#313=FACE_OUTER_BOUND('',#631,.T.);
#314=CYLINDRICAL_SURFACE('',#632,0.15);
#315=FACE_OUTER_BOUND('',#633,.T.);
#316=PLANE('',#634);
#317=FACE_OUTER_BOUND('',#635,.T.);
#318=PLANE('',#636);
#319=FACE_OUTER_BOUND('',#637,.T.);
#320=PLANE('',#638);
#321=FACE_OUTER_BOUND('',#639,.T.);
#322=PLANE('',#640);
#323=FACE_OUTER_BOUND('',#641,.T.);
#324=PLANE('',#642);
#325=FACE_OUTER_BOUND('',#643,.T.);
#326=PLANE('',#644);
#327=FACE_OUTER_BOUND('',#645,.T.);
#328=PLANE('',#646);
#329=FACE_OUTER_BOUND('',#647,.T.);
#330=PLANE('',#648);
#331=FACE_OUTER_BOUND('',#649,.T.);
#332=PLANE('',#650);
#333=FACE_OUTER_BOUND('',#651,.T.);
#334=PLANE('',#652);
#335=FACE_OUTER_BOUND('',#653,.T.);
#336=PLANE('',#654);
#337=FACE_OUTER_BOUND('',#655,.T.);
#338=PLANE('',#656);
#339=FACE_OUTER_BOUND('',#657,.T.);
#340=PLANE('',#658);
#341=FACE_OUTER_BOUND('',#659,.T.);
#342=PLANE('',#660);
#343=FACE_OUTER_BOUND('',#661,.T.);
#344=PLANE('',#662);
#345=FACE_OUTER_BOUND('',#663,.T.);
#346=PLANE('',#664);
#347=FACE_OUTER_BOUND('',#665,.T.);
#348=PLANE('',#666);
#349=FACE_OUTER_BOUND('',#667,.T.);
#350=PLANE('',#668);
#351=FACE_OUTER_BOUND('',#669,.T.);
#352=PLANE('',#670);
#353=FACE_OUTER_BOUND('',#671,.T.);
#354=PLANE('',#672);
#355=FACE_OUTER_BOUND('',#673,.T.);
#356=PLANE('',#674);
#357=FACE_OUTER_BOUND('',#675,.T.);
#358=PLANE('',#676);
#359=FACE_OUTER_BOUND('',#677,.T.);
#360=CYLINDRICAL_SURFACE('',#678,0.0900000000000005);
#361=FACE_OUTER_BOUND('',#679,.T.);
#362=PLANE('',#680);
#363=FACE_OUTER_BOUND('',#681,.T.);
#364=PLANE('',#682);
#365=FACE_OUTER_BOUND('',#683,.T.);
#366=CYLINDRICAL_SURFACE('',#684,0.0999999999999593);
#367=FACE_OUTER_BOUND('',#685,.T.);
#368=CYLINDRICAL_SURFACE('',#686,0.0500000000000003);
#369=FACE_OUTER_BOUND('',#687,.T.);
#370=PLANE('',#688);
#371=FACE_OUTER_BOUND('',#689,.T.);
#372=PLANE('',#690);
#373=FACE_OUTER_BOUND('',#691,.T.);
#374=PLANE('',#692);
#375=FACE_OUTER_BOUND('',#693,.T.);
#376=PLANE('',#694);
#377=FACE_OUTER_BOUND('',#695,.T.);
#378=PLANE('',#696);
#379=FACE_OUTER_BOUND('',#697,.T.);
#380=PLANE('',#698);
#381=FACE_OUTER_BOUND('',#699,.T.);
#382=PLANE('',#700);
#383=FACE_OUTER_BOUND('',#701,.T.);
#384=CYLINDRICAL_SURFACE('',#702,0.0799999999999993);
#385=FACE_OUTER_BOUND('',#703,.T.);
#386=PLANE('',#704);
#387=FACE_OUTER_BOUND('',#705,.T.);
#388=PLANE('',#706);
#389=FACE_OUTER_BOUND('',#707,.T.);
#390=PLANE('',#708);
#391=FACE_OUTER_BOUND('',#709,.T.);
#392=PLANE('',#710);
#393=FACE_OUTER_BOUND('',#711,.T.);
#394=CYLINDRICAL_SURFACE('',#712,0.3);
#395=FACE_OUTER_BOUND('',#713,.T.);
#396=PLANE('',#714);
#397=FACE_OUTER_BOUND('',#715,.T.);
#398=PLANE('',#716);
#399=FACE_OUTER_BOUND('',#717,.T.);
#400=CYLINDRICAL_SURFACE('',#718,0.3);
#401=FACE_OUTER_BOUND('',#719,.T.);
#402=PLANE('',#720);
#403=FACE_OUTER_BOUND('',#721,.T.);
#404=CYLINDRICAL_SURFACE('',#722,0.1);
#405=FACE_OUTER_BOUND('',#723,.T.);
#406=PLANE('',#724);
#407=FACE_OUTER_BOUND('',#725,.T.);
#408=PLANE('',#726);
#409=FACE_OUTER_BOUND('',#727,.T.);
#410=PLANE('',#728);
#411=FACE_OUTER_BOUND('',#729,.T.);
#412=PLANE('',#730);
#413=FACE_OUTER_BOUND('',#731,.T.);
#414=PLANE('',#732);
#415=FACE_OUTER_BOUND('',#733,.T.);
#416=PLANE('',#734);
#417=FACE_OUTER_BOUND('',#735,.T.);
#418=PLANE('',#736);
#419=FACE_OUTER_BOUND('',#737,.T.);
#420=PLANE('',#738);
#421=FACE_OUTER_BOUND('',#739,.T.);
#422=CYLINDRICAL_SURFACE('',#740,0.0999999999999999);
#423=FACE_OUTER_BOUND('',#741,.T.);
#424=PLANE('',#742);
#425=FACE_OUTER_BOUND('',#743,.T.);
#426=PLANE('',#744);
#427=FACE_OUTER_BOUND('',#745,.T.);
#428=PLANE('',#746);
#429=FACE_OUTER_BOUND('',#747,.T.);
#430=CYLINDRICAL_SURFACE('',#748,0.3);
#431=FACE_OUTER_BOUND('',#749,.T.);
#432=PLANE('',#750);
#433=FACE_OUTER_BOUND('',#751,.T.);
#434=PLANE('',#752);
#435=FACE_OUTER_BOUND('',#753,.T.);
#436=PLANE('',#754);
#437=FACE_OUTER_BOUND('',#755,.T.);
#438=PLANE('',#756);
#439=FACE_OUTER_BOUND('',#757,.T.);
#440=PLANE('',#758);
#441=FACE_OUTER_BOUND('',#759,.T.);
#442=PLANE('',#760);
#443=FACE_OUTER_BOUND('',#761,.T.);
#444=PLANE('',#762);
#445=FACE_OUTER_BOUND('',#763,.T.);
#446=PLANE('',#764);
#447=FACE_OUTER_BOUND('',#765,.T.);
#448=PLANE('',#766);
#449=FACE_OUTER_BOUND('',#767,.T.);
#450=PLANE('',#768);
#451=FACE_OUTER_BOUND('',#769,.T.);
#452=PLANE('',#770);
#453=FACE_OUTER_BOUND('',#771,.T.);
#454=PLANE('',#772);
#455=FACE_OUTER_BOUND('',#773,.T.);
#456=PLANE('',#774);
#457=FACE_OUTER_BOUND('',#775,.T.);
#458=PLANE('',#776);
#459=FACE_OUTER_BOUND('',#777,.T.);
#460=PLANE('',#778);
#461=FACE_OUTER_BOUND('',#779,.T.);
#462=PLANE('',#780);
#463=FACE_OUTER_BOUND('',#781,.T.);
#464=PLANE('',#782);
#465=FACE_OUTER_BOUND('',#783,.T.);
#466=PLANE('',#784);
#467=FACE_OUTER_BOUND('',#785,.T.);
#468=PLANE('',#786);
#469=FACE_OUTER_BOUND('',#787,.T.);
#470=PLANE('',#788);
#471=FACE_OUTER_BOUND('',#789,.T.);
#472=PLANE('',#790);
#473=FACE_OUTER_BOUND('',#791,.T.);
#474=PLANE('',#792);
#475=FACE_OUTER_BOUND('',#793,.T.);
#476=PLANE('',#794);
#477=FACE_OUTER_BOUND('',#795,.T.);
#478=PLANE('',#796);
#479=FACE_OUTER_BOUND('',#797,.T.);
#480=PLANE('',#798);
#481=FACE_OUTER_BOUND('',#799,.T.);
#482=PLANE('',#800);
#483=FACE_OUTER_BOUND('',#801,.T.);
#484=PLANE('',#802);
#485=FACE_OUTER_BOUND('',#803,.T.);
#486=CYLINDRICAL_SURFACE('',#804,0.0900000000000005);
#487=FACE_OUTER_BOUND('',#805,.T.);
#488=PLANE('',#806);
#489=FACE_OUTER_BOUND('',#807,.T.);
#490=PLANE('',#808);
#491=FACE_OUTER_BOUND('',#809,.T.);
#492=CYLINDRICAL_SURFACE('',#810,0.0999999999999593);
#493=FACE_OUTER_BOUND('',#811,.T.);
#494=CYLINDRICAL_SURFACE('',#812,0.0500000000000003);
#495=FACE_OUTER_BOUND('',#813,.T.);
#496=PLANE('',#814);
#497=FACE_OUTER_BOUND('',#815,.T.);
#498=PLANE('',#816);
#499=FACE_OUTER_BOUND('',#817,.T.);
#500=PLANE('',#818);
#501=FACE_OUTER_BOUND('',#819,.T.);
#502=PLANE('',#820);
#503=FACE_OUTER_BOUND('',#821,.T.);
#504=PLANE('',#822);
#505=FACE_OUTER_BOUND('',#823,.T.);
#506=PLANE('',#824);
#507=FACE_OUTER_BOUND('',#825,.T.);
#508=PLANE('',#826);
#509=FACE_OUTER_BOUND('',#827,.T.);
#510=CYLINDRICAL_SURFACE('',#828,0.0799999999999993);
#511=FACE_OUTER_BOUND('',#829,.T.);
#512=PLANE('',#830);
#513=FACE_OUTER_BOUND('',#831,.T.);
#514=PLANE('',#832);
#515=FACE_OUTER_BOUND('',#833,.T.);
#516=PLANE('',#834);
#517=FACE_OUTER_BOUND('',#835,.T.);
#518=PLANE('',#836);
#519=FACE_OUTER_BOUND('',#837,.T.);
#520=PLANE('',#838);
#521=FACE_OUTER_BOUND('',#839,.T.);
#522=PLANE('',#840);
#523=FACE_OUTER_BOUND('',#841,.T.);
#524=PLANE('',#842);
#525=FACE_OUTER_BOUND('',#843,.T.);
#526=PLANE('',#844);
#527=FILL_AREA_STYLE('',(#845));
#528=EDGE_LOOP('',(#846,#847,#848,#849,#850,#851,#852,#853,#854,#855,#856,#857,#858,#859,#860,#861));
#529=AXIS2_PLACEMENT_3D('',#862,#863,#864);
#530=EDGE_LOOP('',(#865,#866,#867,#868));
#531=AXIS2_PLACEMENT_3D('',#869,#870,#871);
#532=EDGE_LOOP('',(#872,#873,#874,#875,#876,#877,#878,#879,#880,#881));
#533=AXIS2_PLACEMENT_3D('',#882,#883,#884);
#534=EDGE_LOOP('',(#885,#886,#887,#888));
#535=AXIS2_PLACEMENT_3D('',#889,#890,#891);
#536=EDGE_LOOP('',(#892,#893,#894,#895));
#537=AXIS2_PLACEMENT_3D('',#896,#897,#898);
#538=EDGE_LOOP('',(#899,#900,#901,#902));
#539=AXIS2_PLACEMENT_3D('',#903,#904,#905);
#540=EDGE_LOOP('',(#906,#907,#908,#909,#910,#911,#912,#913,#914,#915));
#541=AXIS2_PLACEMENT_3D('',#916,#917,#918);
#542=EDGE_LOOP('',(#919,#920,#921,#922));
#543=AXIS2_PLACEMENT_3D('',#923,#924,#925);
#544=EDGE_LOOP('',(#926,#927,#928,#929));
#545=AXIS2_PLACEMENT_3D('',#930,#931,#932);
#546=EDGE_LOOP('',(#933,#934,#935,#936));
#547=EDGE_LOOP('',(#937,#938,#939,#940,#941,#942,#943,#944,#945,#946));
#548=AXIS2_PLACEMENT_3D('',#947,#948,#949);
#549=EDGE_LOOP('',(#950,#951,#952,#953,#954,#955,#956,#957,#958,#959));
#550=AXIS2_PLACEMENT_3D('',#960,#961,#962);
#551=EDGE_LOOP('',(#963,#964,#965,#966));
#552=AXIS2_PLACEMENT_3D('',#967,#968,#969);
#553=EDGE_LOOP('',(#970,#971,#972,#973));
#554=AXIS2_PLACEMENT_3D('',#974,#975,#976);
#555=EDGE_LOOP('',(#977,#978,#979,#980));
#556=AXIS2_PLACEMENT_3D('',#981,#982,#983);
#557=EDGE_LOOP('',(#984,#985,#986,#987));
#558=AXIS2_PLACEMENT_3D('',#988,#989,#990);
#559=EDGE_LOOP('',(#991,#992,#993,#994));
#560=EDGE_LOOP('',(#995,#996,#997,#998,#999,#1000,#1001,#1002,#1003,#1004));
#561=AXIS2_PLACEMENT_3D('',#1005,#1006,#1007);
#562=EDGE_LOOP('',(#1008,#1009,#1010,#1011,#1012,#1013,#1014,#1015,#1016,#1017,#1018,#1019));
#563=AXIS2_PLACEMENT_3D('',#1020,#1021,#1022);
#564=EDGE_LOOP('',(#1023,#1024,#1025,#1026,#1027,#1028,#1029,#1030,#1031,#1032,#1033,#1034,#1035,#1036,#1037,#1038));
#565=AXIS2_PLACEMENT_3D('',#1039,#1040,#1041);
#566=EDGE_LOOP('',(#1042,#1043,#1044,#1045,#1046,#1047,#1048,#1049,#1050,#1051,#1052,#1053,#1054,#1055,#1056,#1057,#1058,#1059,#1060,#1061));
#567=EDGE_LOOP('',(#1062,#1063,#1064,#1065,#1066,#1067,#1068,#1069,#1070,#1071,#1072,#1073,#1074,#1075,#1076,#1077,#1078,#1079,#1080,#1081));
#568=AXIS2_PLACEMENT_3D('',#1082,#1083,#1084);
#569=EDGE_LOOP('',(#1085,#1086,#1087,#1088));
#570=AXIS2_PLACEMENT_3D('',#1089,#1090,#1091);
#571=EDGE_LOOP('',(#1092,#1093,#1094,#1095));
#572=AXIS2_PLACEMENT_3D('',#1096,#1097,#1098);
#573=EDGE_LOOP('',(#1099,#1100,#1101,#1102));
#574=AXIS2_PLACEMENT_3D('',#1103,#1104,#1105);
#575=EDGE_LOOP('',(#1106,#1107,#1108,#1109));
#576=AXIS2_PLACEMENT_3D('',#1110,#1111,#1112);
#577=EDGE_LOOP('',(#1113,#1114,#1115,#1116,#1117,#1118,#1119,#1120,#1121,#1122,#1123,#1124));
#578=AXIS2_PLACEMENT_3D('',#1125,#1126,#1127);
#579=EDGE_LOOP('',(#1128,#1129,#1130,#1131));
#580=AXIS2_PLACEMENT_3D('',#1132,#1133,#1134);
#581=EDGE_LOOP('',(#1135,#1136,#1137,#1138));
#582=AXIS2_PLACEMENT_3D('',#1139,#1140,#1141);
#583=EDGE_LOOP('',(#1142,#1143,#1144,#1145,#1146));
#584=AXIS2_PLACEMENT_3D('',#1147,#1148,#1149);
#585=EDGE_LOOP('',(#1150,#1151,#1152,#1153,#1154,#1155,#1156,#1157,#1158,#1159,#1160,#1161));
#586=AXIS2_PLACEMENT_3D('',#1162,#1163,#1164);
#587=EDGE_LOOP('',(#1165,#1166,#1167,#1168,#1169));
#588=AXIS2_PLACEMENT_3D('',#1170,#1171,#1172);
#589=EDGE_LOOP('',(#1173,#1174,#1175,#1176));
#590=AXIS2_PLACEMENT_3D('',#1177,#1178,#1179);
#591=EDGE_LOOP('',(#1180,#1181,#1182,#1183));
#592=AXIS2_PLACEMENT_3D('',#1184,#1185,#1186);
#593=EDGE_LOOP('',(#1187,#1188,#1189,#1190));
#594=AXIS2_PLACEMENT_3D('',#1191,#1192,#1193);
#595=EDGE_LOOP('',(#1194,#1195,#1196,#1197));
#596=AXIS2_PLACEMENT_3D('',#1198,#1199,#1200);
#597=EDGE_LOOP('',(#1201,#1202,#1203,#1204,#1205,#1206,#1207,#1208,#1209,#1210,#1211,#1212,#1213,#1214,#1215,#1216,#1217,#1218,#1219,#1220,#1221,#1222,#1223,#1224,#1225,#1226,#1227,#1228,#1229,#1230,#1231,#1232));
#598=AXIS2_PLACEMENT_3D('',#1233,#1234,#1235);
#599=EDGE_LOOP('',(#1236,#1237,#1238,#1239));
#600=AXIS2_PLACEMENT_3D('',#1240,#1241,#1242);
#601=EDGE_LOOP('',(#1243,#1244,#1245,#1246,#1247,#1248,#1249));
#602=AXIS2_PLACEMENT_3D('',#1250,#1251,#1252);
#603=EDGE_LOOP('',(#1253,#1254,#1255,#1256));
#604=AXIS2_PLACEMENT_3D('',#1257,#1258,#1259);
#605=EDGE_LOOP('',(#1260,#1261,#1262,#1263));
#606=AXIS2_PLACEMENT_3D('',#1264,#1265,#1266);
#607=EDGE_LOOP('',(#1267,#1268,#1269,#1270,#1271,#1272,#1273));
#608=AXIS2_PLACEMENT_3D('',#1274,#1275,#1276);
#609=EDGE_LOOP('',(#1277,#1278,#1279,#1280));
#610=AXIS2_PLACEMENT_3D('',#1281,#1282,#1283);
#611=EDGE_LOOP('',(#1284,#1285,#1286,#1287));
#612=AXIS2_PLACEMENT_3D('',#1288,#1289,#1290);
#613=EDGE_LOOP('',(#1291,#1292,#1293,#1294));
#614=AXIS2_PLACEMENT_3D('',#1295,#1296,#1297);
#615=EDGE_LOOP('',(#1298,#1299,#1300,#1301));
#616=AXIS2_PLACEMENT_3D('',#1302,#1303,#1304);
#617=EDGE_LOOP('',(#1305,#1306,#1307,#1308));
#618=AXIS2_PLACEMENT_3D('',#1309,#1310,#1311);
#619=EDGE_LOOP('',(#1312,#1313,#1314,#1315));
#620=AXIS2_PLACEMENT_3D('',#1316,#1317,#1318);
#621=EDGE_LOOP('',(#1319,#1320,#1321,#1322));
#622=AXIS2_PLACEMENT_3D('',#1323,#1324,#1325);
#623=EDGE_LOOP('',(#1326,#1327,#1328,#1329));
#624=AXIS2_PLACEMENT_3D('',#1330,#1331,#1332);
#625=EDGE_LOOP('',(#1333,#1334,#1335,#1336));
#626=AXIS2_PLACEMENT_3D('',#1337,#1338,#1339);
#627=EDGE_LOOP('',(#1340,#1341,#1342,#1343));
#628=AXIS2_PLACEMENT_3D('',#1344,#1345,#1346);
#629=EDGE_LOOP('',(#1347,#1348,#1349,#1350));
#630=AXIS2_PLACEMENT_3D('',#1351,#1352,#1353);
#631=EDGE_LOOP('',(#1354,#1355,#1356,#1357));
#632=AXIS2_PLACEMENT_3D('',#1358,#1359,#1360);
#633=EDGE_LOOP('',(#1361,#1362,#1363,#1364));
#634=AXIS2_PLACEMENT_3D('',#1365,#1366,#1367);
#635=EDGE_LOOP('',(#1368,#1369,#1370,#1371));
#636=AXIS2_PLACEMENT_3D('',#1372,#1373,#1374);
#637=EDGE_LOOP('',(#1375,#1376,#1377,#1378));
#638=AXIS2_PLACEMENT_3D('',#1379,#1380,#1381);
#639=EDGE_LOOP('',(#1382,#1383,#1384,#1385));
#640=AXIS2_PLACEMENT_3D('',#1386,#1387,#1388);
#641=EDGE_LOOP('',(#1389,#1390,#1391,#1392));
#642=AXIS2_PLACEMENT_3D('',#1393,#1394,#1395);
#643=EDGE_LOOP('',(#1396,#1397,#1398,#1399));
#644=AXIS2_PLACEMENT_3D('',#1400,#1401,#1402);
#645=EDGE_LOOP('',(#1403,#1404,#1405,#1406));
#646=AXIS2_PLACEMENT_3D('',#1407,#1408,#1409);
#647=EDGE_LOOP('',(#1410,#1411,#1412,#1413,#1414,#1415,#1416,#1417));
#648=AXIS2_PLACEMENT_3D('',#1418,#1419,#1420);
#649=EDGE_LOOP('',(#1421,#1422,#1423,#1424,#1425,#1426,#1427,#1428));
#650=AXIS2_PLACEMENT_3D('',#1429,#1430,#1431);
#651=EDGE_LOOP('',(#1432,#1433,#1434,#1435));
#652=AXIS2_PLACEMENT_3D('',#1436,#1437,#1438);
#653=EDGE_LOOP('',(#1439,#1440,#1441,#1442,#1443,#1444));
#654=AXIS2_PLACEMENT_3D('',#1445,#1446,#1447);
#655=EDGE_LOOP('',(#1448,#1449,#1450,#1451,#1452,#1453));
#656=AXIS2_PLACEMENT_3D('',#1454,#1455,#1456);
#657=EDGE_LOOP('',(#1457,#1458,#1459,#1460));
#658=AXIS2_PLACEMENT_3D('',#1461,#1462,#1463);
#659=EDGE_LOOP('',(#1464,#1465,#1466,#1467));
#660=AXIS2_PLACEMENT_3D('',#1468,#1469,#1470);
#661=EDGE_LOOP('',(#1471,#1472,#1473,#1474));
#662=AXIS2_PLACEMENT_3D('',#1475,#1476,#1477);
#663=EDGE_LOOP('',(#1478,#1479,#1480,#1481));
#664=AXIS2_PLACEMENT_3D('',#1482,#1483,#1484);
#665=EDGE_LOOP('',(#1485,#1486,#1487,#1488));
#666=AXIS2_PLACEMENT_3D('',#1489,#1490,#1491);
#667=EDGE_LOOP('',(#1492,#1493,#1494,#1495));
#668=AXIS2_PLACEMENT_3D('',#1496,#1497,#1498);
#669=EDGE_LOOP('',(#1499,#1500,#1501,#1502,#1503,#1504,#1505,#1506,#1507,#1508));
#670=AXIS2_PLACEMENT_3D('',#1509,#1510,#1511);
#671=EDGE_LOOP('',(#1512,#1513,#1514,#1515,#1516,#1517,#1518,#1519,#1520,#1521));
#672=AXIS2_PLACEMENT_3D('',#1522,#1523,#1524);
#673=EDGE_LOOP('',(#1525,#1526,#1527,#1528));
#674=AXIS2_PLACEMENT_3D('',#1529,#1530,#1531);
#675=EDGE_LOOP('',(#1532,#1533,#1534,#1535));
#676=AXIS2_PLACEMENT_3D('',#1536,#1537,#1538);
#677=EDGE_LOOP('',(#1539,#1540,#1541,#1542));
#678=AXIS2_PLACEMENT_3D('',#1543,#1544,#1545);
#679=EDGE_LOOP('',(#1546,#1547,#1548,#1549));
#680=AXIS2_PLACEMENT_3D('',#1550,#1551,#1552);
#681=EDGE_LOOP('',(#1553,#1554,#1555,#1556));
#682=AXIS2_PLACEMENT_3D('',#1557,#1558,#1559);
#683=EDGE_LOOP('',(#1560,#1561,#1562,#1563));
#684=AXIS2_PLACEMENT_3D('',#1564,#1565,#1566);
#685=EDGE_LOOP('',(#1567,#1568,#1569,#1570));
#686=AXIS2_PLACEMENT_3D('',#1571,#1572,#1573);
#687=EDGE_LOOP('',(#1574,#1575,#1576,#1577,#1578,#1579,#1580,#1581,#1582));
#688=AXIS2_PLACEMENT_3D('',#1583,#1584,#1585);
#689=EDGE_LOOP('',(#1586,#1587,#1588,#1589,#1590,#1591,#1592,#1593,#1594));
#690=AXIS2_PLACEMENT_3D('',#1595,#1596,#1597);
#691=EDGE_LOOP('',(#1598,#1599,#1600,#1601));
#692=AXIS2_PLACEMENT_3D('',#1602,#1603,#1604);
#693=EDGE_LOOP('',(#1605,#1606,#1607,#1608));
#694=AXIS2_PLACEMENT_3D('',#1609,#1610,#1611);
#695=EDGE_LOOP('',(#1612,#1613,#1614,#1615));
#696=AXIS2_PLACEMENT_3D('',#1616,#1617,#1618);
#697=EDGE_LOOP('',(#1619,#1620,#1621,#1622,#1623,#1624,#1625,#1626));
#698=AXIS2_PLACEMENT_3D('',#1627,#1628,#1629);
#699=EDGE_LOOP('',(#1630,#1631,#1632,#1633,#1634,#1635,#1636,#1637));
#700=AXIS2_PLACEMENT_3D('',#1638,#1639,#1640);
#701=EDGE_LOOP('',(#1641,#1642,#1643,#1644));
#702=AXIS2_PLACEMENT_3D('',#1645,#1646,#1647);
#703=EDGE_LOOP('',(#1648,#1649,#1650,#1651));
#704=AXIS2_PLACEMENT_3D('',#1652,#1653,#1654);
#705=EDGE_LOOP('',(#1655,#1656,#1657,#1658));
#706=AXIS2_PLACEMENT_3D('',#1659,#1660,#1661);
#707=EDGE_LOOP('',(#1662,#1663,#1664,#1665));
#708=AXIS2_PLACEMENT_3D('',#1666,#1667,#1668);
#709=EDGE_LOOP('',(#1669,#1670,#1671,#1672));
#710=AXIS2_PLACEMENT_3D('',#1673,#1674,#1675);
#711=EDGE_LOOP('',(#1676,#1677,#1678,#1679));
#712=AXIS2_PLACEMENT_3D('',#1680,#1681,#1682);
#713=EDGE_LOOP('',(#1683,#1684,#1685,#1686));
#714=AXIS2_PLACEMENT_3D('',#1687,#1688,#1689);
#715=EDGE_LOOP('',(#1690,#1691,#1692,#1693));
#716=AXIS2_PLACEMENT_3D('',#1694,#1695,#1696);
#717=EDGE_LOOP('',(#1697,#1698,#1699,#1700));
#718=AXIS2_PLACEMENT_3D('',#1701,#1702,#1703);
#719=EDGE_LOOP('',(#1704,#1705,#1706,#1707,#1708,#1709,#1710,#1711,#1712,#1713));
#720=AXIS2_PLACEMENT_3D('',#1714,#1715,#1716);
#721=EDGE_LOOP('',(#1717,#1718,#1719,#1720));
#722=AXIS2_PLACEMENT_3D('',#1721,#1722,#1723);
#723=EDGE_LOOP('',(#1724,#1725,#1726,#1727));
#724=AXIS2_PLACEMENT_3D('',#1728,#1729,#1730);
#725=EDGE_LOOP('',(#1731,#1732,#1733,#1734,#1735,#1736,#1737,#1738));
#726=AXIS2_PLACEMENT_3D('',#1739,#1740,#1741);
#727=EDGE_LOOP('',(#1742,#1743,#1744,#1745));
#728=AXIS2_PLACEMENT_3D('',#1746,#1747,#1748);
#729=EDGE_LOOP('',(#1749,#1750,#1751,#1752,#1753,#1754,#1755,#1756));
#730=AXIS2_PLACEMENT_3D('',#1757,#1758,#1759);
#731=EDGE_LOOP('',(#1760,#1761,#1762,#1763,#1764,#1765,#1766,#1767));
#732=AXIS2_PLACEMENT_3D('',#1768,#1769,#1770);
#733=EDGE_LOOP('',(#1771,#1772,#1773,#1774));
#734=AXIS2_PLACEMENT_3D('',#1775,#1776,#1777);
#735=EDGE_LOOP('',(#1778,#1779,#1780,#1781));
#736=AXIS2_PLACEMENT_3D('',#1782,#1783,#1784);
#737=EDGE_LOOP('',(#1785,#1786,#1787,#1788,#1789,#1790,#1791,#1792));
#738=AXIS2_PLACEMENT_3D('',#1793,#1794,#1795);
#739=EDGE_LOOP('',(#1796,#1797,#1798,#1799));
#740=AXIS2_PLACEMENT_3D('',#1800,#1801,#1802);
#741=EDGE_LOOP('',(#1803,#1804,#1805,#1806));
#742=AXIS2_PLACEMENT_3D('',#1807,#1808,#1809);
#743=EDGE_LOOP('',(#1810,#1811,#1812,#1813));
#744=AXIS2_PLACEMENT_3D('',#1814,#1815,#1816);
#745=EDGE_LOOP('',(#1817,#1818,#1819,#1820));
#746=AXIS2_PLACEMENT_3D('',#1821,#1822,#1823);
#747=EDGE_LOOP('',(#1824,#1825,#1826,#1827));
#748=AXIS2_PLACEMENT_3D('',#1828,#1829,#1830);
#749=EDGE_LOOP('',(#1831,#1832,#1833,#1834,#1835,#1836,#1837,#1838));
#750=AXIS2_PLACEMENT_3D('',#1839,#1840,#1841);
#751=EDGE_LOOP('',(#1842,#1843,#1844,#1845));
#752=AXIS2_PLACEMENT_3D('',#1846,#1847,#1848);
#753=EDGE_LOOP('',(#1849,#1850,#1851,#1852,#1853,#1854,#1855,#1856));
#754=AXIS2_PLACEMENT_3D('',#1857,#1858,#1859);
#755=EDGE_LOOP('',(#1860,#1861,#1862,#1863,#1864,#1865,#1866,#1867));
#756=AXIS2_PLACEMENT_3D('',#1868,#1869,#1870);
#757=EDGE_LOOP('',(#1871,#1872,#1873,#1874));
#758=AXIS2_PLACEMENT_3D('',#1875,#1876,#1877);
#759=EDGE_LOOP('',(#1878,#1879,#1880,#1881));
#760=AXIS2_PLACEMENT_3D('',#1882,#1883,#1884);
#761=EDGE_LOOP('',(#1885,#1886,#1887,#1888,#1889,#1890,#1891,#1892));
#762=AXIS2_PLACEMENT_3D('',#1893,#1894,#1895);
#763=EDGE_LOOP('',(#1896,#1897,#1898,#1899));
#764=AXIS2_PLACEMENT_3D('',#1900,#1901,#1902);
#765=EDGE_LOOP('',(#1903,#1904,#1905,#1906,#1907,#1908));
#766=AXIS2_PLACEMENT_3D('',#1909,#1910,#1911);
#767=EDGE_LOOP('',(#1912,#1913,#1914,#1915));
#768=AXIS2_PLACEMENT_3D('',#1916,#1917,#1918);
#769=EDGE_LOOP('',(#1919,#1920,#1921,#1922));
#770=AXIS2_PLACEMENT_3D('',#1923,#1924,#1925);
#771=EDGE_LOOP('',(#1926,#1927,#1928,#1929));
#772=AXIS2_PLACEMENT_3D('',#1930,#1931,#1932);
#773=EDGE_LOOP('',(#1933,#1934,#1935,#1936,#1937,#1938,#1939,#1940));
#774=AXIS2_PLACEMENT_3D('',#1941,#1942,#1943);
#775=EDGE_LOOP('',(#1944,#1945,#1946,#1947,#1948,#1949,#1950,#1951));
#776=AXIS2_PLACEMENT_3D('',#1952,#1953,#1954);
#777=EDGE_LOOP('',(#1955,#1956,#1957,#1958));
#778=AXIS2_PLACEMENT_3D('',#1959,#1960,#1961);
#779=EDGE_LOOP('',(#1962,#1963,#1964,#1965,#1966,#1967));
#780=AXIS2_PLACEMENT_3D('',#1968,#1969,#1970);
#781=EDGE_LOOP('',(#1971,#1972,#1973,#1974,#1975,#1976));
#782=AXIS2_PLACEMENT_3D('',#1977,#1978,#1979);
#783=EDGE_LOOP('',(#1980,#1981,#1982,#1983));
#784=AXIS2_PLACEMENT_3D('',#1984,#1985,#1986);
#785=EDGE_LOOP('',(#1987,#1988,#1989,#1990));
#786=AXIS2_PLACEMENT_3D('',#1991,#1992,#1993);
#787=EDGE_LOOP('',(#1994,#1995,#1996,#1997));
#788=AXIS2_PLACEMENT_3D('',#1998,#1999,#2000);
#789=EDGE_LOOP('',(#2001,#2002,#2003,#2004));
#790=AXIS2_PLACEMENT_3D('',#2005,#2006,#2007);
#791=EDGE_LOOP('',(#2008,#2009,#2010,#2011));
#792=AXIS2_PLACEMENT_3D('',#2012,#2013,#2014);
#793=EDGE_LOOP('',(#2015,#2016,#2017,#2018));
#794=AXIS2_PLACEMENT_3D('',#2019,#2020,#2021);
#795=EDGE_LOOP('',(#2022,#2023,#2024,#2025,#2026,#2027,#2028,#2029,#2030,#2031));
#796=AXIS2_PLACEMENT_3D('',#2032,#2033,#2034);
#797=EDGE_LOOP('',(#2035,#2036,#2037,#2038,#2039,#2040,#2041,#2042,#2043,#2044));
#798=AXIS2_PLACEMENT_3D('',#2045,#2046,#2047);
#799=EDGE_LOOP('',(#2048,#2049,#2050,#2051));
#800=AXIS2_PLACEMENT_3D('',#2052,#2053,#2054);
#801=EDGE_LOOP('',(#2055,#2056,#2057,#2058));
#802=AXIS2_PLACEMENT_3D('',#2059,#2060,#2061);
#803=EDGE_LOOP('',(#2062,#2063,#2064,#2065));
#804=AXIS2_PLACEMENT_3D('',#2066,#2067,#2068);
#805=EDGE_LOOP('',(#2069,#2070,#2071,#2072));
#806=AXIS2_PLACEMENT_3D('',#2073,#2074,#2075);
#807=EDGE_LOOP('',(#2076,#2077,#2078,#2079));
#808=AXIS2_PLACEMENT_3D('',#2080,#2081,#2082);
#809=EDGE_LOOP('',(#2083,#2084,#2085,#2086));
#810=AXIS2_PLACEMENT_3D('',#2087,#2088,#2089);
#811=EDGE_LOOP('',(#2090,#2091,#2092,#2093));
#812=AXIS2_PLACEMENT_3D('',#2094,#2095,#2096);
#813=EDGE_LOOP('',(#2097,#2098,#2099,#2100,#2101,#2102,#2103,#2104,#2105));
#814=AXIS2_PLACEMENT_3D('',#2106,#2107,#2108);
#815=EDGE_LOOP('',(#2109,#2110,#2111,#2112,#2113,#2114,#2115,#2116,#2117));
#816=AXIS2_PLACEMENT_3D('',#2118,#2119,#2120);
#817=EDGE_LOOP('',(#2121,#2122,#2123,#2124));
#818=AXIS2_PLACEMENT_3D('',#2125,#2126,#2127);
#819=EDGE_LOOP('',(#2128,#2129,#2130,#2131));
#820=AXIS2_PLACEMENT_3D('',#2132,#2133,#2134);
#821=EDGE_LOOP('',(#2135,#2136,#2137,#2138));
#822=AXIS2_PLACEMENT_3D('',#2139,#2140,#2141);
#823=EDGE_LOOP('',(#2142,#2143,#2144,#2145,#2146,#2147,#2148,#2149));
#824=AXIS2_PLACEMENT_3D('',#2150,#2151,#2152);
#825=EDGE_LOOP('',(#2153,#2154,#2155,#2156,#2157,#2158,#2159,#2160));
#826=AXIS2_PLACEMENT_3D('',#2161,#2162,#2163);
#827=EDGE_LOOP('',(#2164,#2165,#2166,#2167));
#828=AXIS2_PLACEMENT_3D('',#2168,#2169,#2170);
#829=EDGE_LOOP('',(#2171,#2172,#2173,#2174));
#830=AXIS2_PLACEMENT_3D('',#2175,#2176,#2177);
#831=EDGE_LOOP('',(#2178,#2179,#2180,#2181));
#832=AXIS2_PLACEMENT_3D('',#2182,#2183,#2184);
#833=EDGE_LOOP('',(#2185,#2186,#2187,#2188));
#834=AXIS2_PLACEMENT_3D('',#2189,#2190,#2191);
#835=EDGE_LOOP('',(#2192,#2193,#2194,#2195));
#836=AXIS2_PLACEMENT_3D('',#2196,#2197,#2198);
#837=EDGE_LOOP('',(#2199,#2200,#2201,#2202,#2203,#2204));
#838=AXIS2_PLACEMENT_3D('',#2205,#2206,#2207);
#839=EDGE_LOOP('',(#2208,#2209,#2210,#2211));
#840=AXIS2_PLACEMENT_3D('',#2212,#2213,#2214);
#841=EDGE_LOOP('',(#2215,#2216,#2217,#2218));
#842=AXIS2_PLACEMENT_3D('',#2219,#2220,#2221);
#843=EDGE_LOOP('',(#2222,#2223,#2224,#2225));
#844=AXIS2_PLACEMENT_3D('',#2226,#2227,#2228);
#845=FILL_AREA_STYLE_COLOUR('',#2229);
#846=ORIENTED_EDGE('',*,*,#2230,.F.);
#847=ORIENTED_EDGE('',*,*,#2231,.F.);
#848=ORIENTED_EDGE('',*,*,#2232,.T.);
#849=ORIENTED_EDGE('',*,*,#2233,.T.);
#850=ORIENTED_EDGE('',*,*,#2234,.F.);
#851=ORIENTED_EDGE('',*,*,#2235,.F.);
#852=ORIENTED_EDGE('',*,*,#2236,.T.);
#853=ORIENTED_EDGE('',*,*,#2237,.F.);
#854=ORIENTED_EDGE('',*,*,#2238,.F.);
#855=ORIENTED_EDGE('',*,*,#2239,.T.);
#856=ORIENTED_EDGE('',*,*,#2240,.T.);
#857=ORIENTED_EDGE('',*,*,#2241,.F.);
#858=ORIENTED_EDGE('',*,*,#2242,.F.);
#859=ORIENTED_EDGE('',*,*,#2243,.T.);
#860=ORIENTED_EDGE('',*,*,#2244,.T.);
#861=ORIENTED_EDGE('',*,*,#2245,.T.);
#862=CARTESIAN_POINT('',(0.78,3.15,1.25));
#863=DIRECTION('',(5.5600111409513E-16,0.0,1.0));
#864=DIRECTION('',(1.0,0.0,-5.5600111409513E-16));
#865=ORIENTED_EDGE('',*,*,#2232,.F.);
#866=ORIENTED_EDGE('',*,*,#2246,.T.);
#867=ORIENTED_EDGE('',*,*,#2247,.F.);
#868=ORIENTED_EDGE('',*,*,#2248,.F.);
#869=CARTESIAN_POINT('',(0.78,1.8,1.25));
#870=DIRECTION('',(5.16234074543564E-16,0.371390676354104,0.928476690885259));
#871=DIRECTION('',(1.0,-1.39000278523782E-15,0.0));
#872=ORIENTED_EDGE('',*,*,#2249,.F.);
#873=ORIENTED_EDGE('',*,*,#2250,.T.);
#874=ORIENTED_EDGE('',*,*,#2251,.F.);
#875=ORIENTED_EDGE('',*,*,#2252,.F.);
#876=ORIENTED_EDGE('',*,*,#2253,.F.);
#877=ORIENTED_EDGE('',*,*,#2254,.F.);
#878=ORIENTED_EDGE('',*,*,#2255,.F.);
#879=ORIENTED_EDGE('',*,*,#2256,.F.);
#880=ORIENTED_EDGE('',*,*,#2257,.T.);
#881=ORIENTED_EDGE('',*,*,#2258,.T.);
#882=CARTESIAN_POINT('',(1.44,1.64999999999999,0.250000000000001));
#883=DIRECTION('',(-1.0,0.0,0.0));
#884=DIRECTION('',(0.0,0.0,1.0));
#885=ORIENTED_EDGE('',*,*,#2259,.F.);
#886=ORIENTED_EDGE('',*,*,#2260,.T.);
#887=ORIENTED_EDGE('',*,*,#2261,.T.);
#888=ORIENTED_EDGE('',*,*,#2262,.T.);
#889=CARTESIAN_POINT('',(1.94,1.65000000000001,0.150000000000001));
#890=DIRECTION('',(1.0,0.0,0.0));
#891=DIRECTION('',(0.0,1.0,0.0));
#892=ORIENTED_EDGE('',*,*,#2263,.F.);
#893=ORIENTED_EDGE('',*,*,#2264,.T.);
#894=ORIENTED_EDGE('',*,*,#2265,.T.);
#895=ORIENTED_EDGE('',*,*,#2261,.F.);
#896=CARTESIAN_POINT('',(1.94,1.65000000000001,-0.0499999999999994));
#897=DIRECTION('',(0.0,0.0,-1.0));
#898=DIRECTION('',(0.0,-1.0,0.0));
#899=ORIENTED_EDGE('',*,*,#2264,.F.);
#900=ORIENTED_EDGE('',*,*,#2266,.F.);
#901=ORIENTED_EDGE('',*,*,#2254,.T.);
#902=ORIENTED_EDGE('',*,*,#2267,.F.);
#903=CARTESIAN_POINT('',(1.74,1.64999999999985,0.250000000000001));
#904=DIRECTION('',(0.0,-1.0,0.0));
#905=DIRECTION('',(0.0,0.0,1.0));
#906=ORIENTED_EDGE('',*,*,#2268,.F.);
#907=ORIENTED_EDGE('',*,*,#2269,.F.);
#908=ORIENTED_EDGE('',*,*,#2270,.T.);
#909=ORIENTED_EDGE('',*,*,#2271,.F.);
#910=ORIENTED_EDGE('',*,*,#2272,.F.);
#911=ORIENTED_EDGE('',*,*,#2273,.T.);
#912=ORIENTED_EDGE('',*,*,#2274,.F.);
#913=ORIENTED_EDGE('',*,*,#2275,.F.);
#914=ORIENTED_EDGE('',*,*,#2276,.F.);
#915=ORIENTED_EDGE('',*,*,#2277,.F.);
#916=CARTESIAN_POINT('',(1.64,1.65,1.2));
#917=DIRECTION('',(1.0,0.0,0.0));
#918=DIRECTION('',(0.0,1.0,0.0));
#919=ORIENTED_EDGE('',*,*,#2273,.F.);
#920=ORIENTED_EDGE('',*,*,#2278,.F.);
#921=ORIENTED_EDGE('',*,*,#2279,.T.);
#922=ORIENTED_EDGE('',*,*,#2280,.F.);
#923=CARTESIAN_POINT('',(1.74,1.64999999999985,0.250000000000001));
#924=DIRECTION('',(0.0,-1.0,0.0));
#925=DIRECTION('',(0.0,0.0,1.0));
#926=ORIENTED_EDGE('',*,*,#2279,.F.);
#927=ORIENTED_EDGE('',*,*,#2281,.F.);
#928=ORIENTED_EDGE('',*,*,#2259,.T.);
#929=ORIENTED_EDGE('',*,*,#2282,.F.);
#930=CARTESIAN_POINT('',(1.74,1.65,0.150000000000001));
#931=DIRECTION('',(0.0,0.0,1.0));
#932=DIRECTION('',(1.0,0.0,0.0));
#933=ORIENTED_EDGE('',*,*,#2283,.F.);
#934=ORIENTED_EDGE('',*,*,#2276,.T.);
#935=ORIENTED_EDGE('',*,*,#2284,.F.);
#936=ORIENTED_EDGE('',*,*,#2251,.T.);
#937=ORIENTED_EDGE('',*,*,#2285,.T.);
#938=ORIENTED_EDGE('',*,*,#2286,.T.);
#939=ORIENTED_EDGE('',*,*,#2287,.T.);
#940=ORIENTED_EDGE('',*,*,#2288,.T.);
#941=ORIENTED_EDGE('',*,*,#2289,.T.);
#942=ORIENTED_EDGE('',*,*,#2290,.F.);
#943=ORIENTED_EDGE('',*,*,#2291,.F.);
#944=ORIENTED_EDGE('',*,*,#2292,.T.);
#945=ORIENTED_EDGE('',*,*,#2293,.T.);
#946=ORIENTED_EDGE('',*,*,#2294,.T.);
#947=CARTESIAN_POINT('',(1.415,2.8,1.55));
#948=DIRECTION('',(-0.0,1.0,0.0));
#949=DIRECTION('',(1.0,0.0,0.0));
#950=ORIENTED_EDGE('',*,*,#2295,.F.);
#951=ORIENTED_EDGE('',*,*,#2296,.T.);
#952=ORIENTED_EDGE('',*,*,#2297,.F.);
#953=ORIENTED_EDGE('',*,*,#2298,.F.);
#954=ORIENTED_EDGE('',*,*,#2299,.T.);
#955=ORIENTED_EDGE('',*,*,#2300,.T.);
#956=ORIENTED_EDGE('',*,*,#2301,.T.);
#957=ORIENTED_EDGE('',*,*,#2302,.T.);
#958=ORIENTED_EDGE('',*,*,#2303,.T.);
#959=ORIENTED_EDGE('',*,*,#2304,.T.);
#960=CARTESIAN_POINT('',(-1.44,1.65000000000001,0.250000000000001));
#961=DIRECTION('',(-1.0,0.0,0.0));
#962=DIRECTION('',(0.0,0.0,1.0));
#963=ORIENTED_EDGE('',*,*,#2305,.T.);
#964=ORIENTED_EDGE('',*,*,#2306,.F.);
#965=ORIENTED_EDGE('',*,*,#2307,.F.);
#966=ORIENTED_EDGE('',*,*,#2297,.T.);
#967=CARTESIAN_POINT('',(-1.33999999999999,1.65000000000015,1.2));
#968=DIRECTION('',(0.0,-1.0,0.0));
#969=DIRECTION('',(0.0,0.0,1.0));
#970=ORIENTED_EDGE('',*,*,#2308,.T.);
#971=ORIENTED_EDGE('',*,*,#2309,.F.);
#972=ORIENTED_EDGE('',*,*,#2310,.F.);
#973=ORIENTED_EDGE('',*,*,#2306,.T.);
#974=CARTESIAN_POINT('',(-1.34,1.65000000000002,1.3));
#975=DIRECTION('',(0.0,0.0,1.0));
#976=DIRECTION('',(1.0,0.0,0.0));
#977=ORIENTED_EDGE('',*,*,#2311,.F.);
#978=ORIENTED_EDGE('',*,*,#2312,.T.);
#979=ORIENTED_EDGE('',*,*,#2313,.F.);
#980=ORIENTED_EDGE('',*,*,#2314,.F.);
#981=CARTESIAN_POINT('',(-1.94,1.64999999999999,0.150000000000001));
#982=DIRECTION('',(1.0,0.0,0.0));
#983=DIRECTION('',(0.0,1.0,0.0));
#984=ORIENTED_EDGE('',*,*,#2315,.F.);
#985=ORIENTED_EDGE('',*,*,#2316,.T.);
#986=ORIENTED_EDGE('',*,*,#2314,.T.);
#987=ORIENTED_EDGE('',*,*,#2317,.F.);
#988=CARTESIAN_POINT('',(-1.94,1.64999999999999,-0.0499999999999994));
#989=DIRECTION('',(0.0,0.0,1.0));
#990=DIRECTION('',(1.0,0.0,0.0));
#991=ORIENTED_EDGE('',*,*,#2318,.F.);
#992=ORIENTED_EDGE('',*,*,#2319,.T.);
#993=ORIENTED_EDGE('',*,*,#2304,.F.);
#994=ORIENTED_EDGE('',*,*,#2320,.T.);
#995=ORIENTED_EDGE('',*,*,#2321,.T.);
#996=ORIENTED_EDGE('',*,*,#2322,.F.);
#997=ORIENTED_EDGE('',*,*,#2323,.T.);
#998=ORIENTED_EDGE('',*,*,#2324,.T.);
#999=ORIENTED_EDGE('',*,*,#2325,.T.);
#1000=ORIENTED_EDGE('',*,*,#2326,.F.);
#1001=ORIENTED_EDGE('',*,*,#2327,.T.);
#1002=ORIENTED_EDGE('',*,*,#2328,.T.);
#1003=ORIENTED_EDGE('',*,*,#2329,.T.);
#1004=ORIENTED_EDGE('',*,*,#2330,.T.);
#1005=CARTESIAN_POINT('',(-1.9,2.8,1.55));
#1006=DIRECTION('',(-0.0,1.0,0.0));
#1007=DIRECTION('',(1.0,0.0,0.0));
#1008=ORIENTED_EDGE('',*,*,#2331,.T.);
#1009=ORIENTED_EDGE('',*,*,#2332,.T.);
#1010=ORIENTED_EDGE('',*,*,#2333,.T.);
#1011=ORIENTED_EDGE('',*,*,#2334,.F.);
#1012=ORIENTED_EDGE('',*,*,#2335,.T.);
#1013=ORIENTED_EDGE('',*,*,#2336,.T.);
#1014=ORIENTED_EDGE('',*,*,#2337,.T.);
#1015=ORIENTED_EDGE('',*,*,#2338,.F.);
#1016=ORIENTED_EDGE('',*,*,#2339,.T.);
#1017=ORIENTED_EDGE('',*,*,#2340,.F.);
#1018=ORIENTED_EDGE('',*,*,#2341,.F.);
#1019=ORIENTED_EDGE('',*,*,#2342,.T.);
#1020=CARTESIAN_POINT('',(1.9,4.1,1.55));
#1021=DIRECTION('',(0.0,-1.0,0.0));
#1022=DIRECTION('',(0.0,0.0,-1.0));
#1023=ORIENTED_EDGE('',*,*,#2343,.F.);
#1024=ORIENTED_EDGE('',*,*,#2344,.T.);
#1025=ORIENTED_EDGE('',*,*,#2331,.F.);
#1026=ORIENTED_EDGE('',*,*,#2345,.F.);
#1027=ORIENTED_EDGE('',*,*,#2289,.F.);
#1028=ORIENTED_EDGE('',*,*,#2346,.T.);
#1029=ORIENTED_EDGE('',*,*,#2347,.F.);
#1030=ORIENTED_EDGE('',*,*,#2348,.F.);
#1031=ORIENTED_EDGE('',*,*,#2328,.F.);
#1032=ORIENTED_EDGE('',*,*,#2349,.F.);
#1033=ORIENTED_EDGE('',*,*,#2339,.F.);
#1034=ORIENTED_EDGE('',*,*,#2350,.F.);
#1035=ORIENTED_EDGE('',*,*,#2351,.F.);
#1036=ORIENTED_EDGE('',*,*,#2352,.T.);
#1037=ORIENTED_EDGE('',*,*,#2335,.F.);
#1038=ORIENTED_EDGE('',*,*,#2353,.F.);
#1039=CARTESIAN_POINT('',(0.0,0.0,0.0));
#1040=DIRECTION('',(0.0,0.0,1.0));
#1041=DIRECTION('',(1.0,0.0,0.0));
#1042=ORIENTED_EDGE('',*,*,#2247,.T.);
#1043=ORIENTED_EDGE('',*,*,#2354,.T.);
#1044=ORIENTED_EDGE('',*,*,#2355,.F.);
#1045=ORIENTED_EDGE('',*,*,#2356,.F.);
#1046=ORIENTED_EDGE('',*,*,#2357,.F.);
#1047=ORIENTED_EDGE('',*,*,#2358,.F.);
#1048=ORIENTED_EDGE('',*,*,#2359,.F.);
#1049=ORIENTED_EDGE('',*,*,#2360,.F.);
#1050=ORIENTED_EDGE('',*,*,#2361,.F.);
#1051=ORIENTED_EDGE('',*,*,#2362,.F.);
#1052=ORIENTED_EDGE('',*,*,#2363,.T.);
#1053=ORIENTED_EDGE('',*,*,#2364,.F.);
#1054=ORIENTED_EDGE('',*,*,#2365,.F.);
#1055=ORIENTED_EDGE('',*,*,#2366,.F.);
#1056=ORIENTED_EDGE('',*,*,#2367,.F.);
#1057=ORIENTED_EDGE('',*,*,#2368,.F.);
#1058=ORIENTED_EDGE('',*,*,#2369,.F.);
#1059=ORIENTED_EDGE('',*,*,#2370,.T.);
#1060=ORIENTED_EDGE('',*,*,#2371,.F.);
#1061=ORIENTED_EDGE('',*,*,#2372,.T.);
#1062=ORIENTED_EDGE('',*,*,#2373,.F.);
#1063=ORIENTED_EDGE('',*,*,#2374,.T.);
#1064=ORIENTED_EDGE('',*,*,#2375,.F.);
#1065=ORIENTED_EDGE('',*,*,#2376,.F.);
#1066=ORIENTED_EDGE('',*,*,#2377,.F.);
#1067=ORIENTED_EDGE('',*,*,#2378,.F.);
#1068=ORIENTED_EDGE('',*,*,#2379,.T.);
#1069=ORIENTED_EDGE('',*,*,#2380,.F.);
#1070=ORIENTED_EDGE('',*,*,#2381,.F.);
#1071=ORIENTED_EDGE('',*,*,#2382,.F.);
#1072=ORIENTED_EDGE('',*,*,#2347,.T.);
#1073=ORIENTED_EDGE('',*,*,#2383,.F.);
#1074=ORIENTED_EDGE('',*,*,#2384,.F.);
#1075=ORIENTED_EDGE('',*,*,#2385,.F.);
#1076=ORIENTED_EDGE('',*,*,#2386,.F.);
#1077=ORIENTED_EDGE('',*,*,#2387,.F.);
#1078=ORIENTED_EDGE('',*,*,#2388,.F.);
#1079=ORIENTED_EDGE('',*,*,#2389,.F.);
#1080=ORIENTED_EDGE('',*,*,#2390,.F.);
#1081=ORIENTED_EDGE('',*,*,#2391,.F.);
#1082=CARTESIAN_POINT('',(-1.415,1.6,1.55));
#1083=DIRECTION('',(-0.0,1.0,0.0));
#1084=DIRECTION('',(1.0,0.0,0.0));
#1085=ORIENTED_EDGE('',*,*,#2392,.T.);
#1086=ORIENTED_EDGE('',*,*,#2379,.F.);
#1087=ORIENTED_EDGE('',*,*,#2393,.F.);
#1088=ORIENTED_EDGE('',*,*,#2322,.T.);
#1089=CARTESIAN_POINT('',(-1.415,2.8,1.55));
#1090=DIRECTION('',(1.0,0.0,0.0));
#1091=DIRECTION('',(0.0,1.0,0.0));
#1092=ORIENTED_EDGE('',*,*,#2386,.T.);
#1093=ORIENTED_EDGE('',*,*,#2394,.F.);
#1094=ORIENTED_EDGE('',*,*,#2285,.F.);
#1095=ORIENTED_EDGE('',*,*,#2395,.T.);
#1096=CARTESIAN_POINT('',(1.415,1.6,1.55));
#1097=DIRECTION('',(-1.0,0.0,0.0));
#1098=DIRECTION('',(0.0,0.0,1.0));
#1099=ORIENTED_EDGE('',*,*,#2349,.T.);
#1100=ORIENTED_EDGE('',*,*,#2327,.F.);
#1101=ORIENTED_EDGE('',*,*,#2396,.F.);
#1102=ORIENTED_EDGE('',*,*,#2340,.T.);
#1103=CARTESIAN_POINT('',(-1.9,4.1,1.55));
#1104=DIRECTION('',(1.0,-3.33600668457079E-16,0.0));
#1105=DIRECTION('',(-3.33600668457079E-16,-1.0,0.0));
#1106=ORIENTED_EDGE('',*,*,#2345,.T.);
#1107=ORIENTED_EDGE('',*,*,#2342,.F.);
#1108=ORIENTED_EDGE('',*,*,#2397,.F.);
#1109=ORIENTED_EDGE('',*,*,#2290,.T.);
#1110=CARTESIAN_POINT('',(1.9,2.8,1.55));
#1111=DIRECTION('',(-1.0,-3.33600668457079E-16,0.0));
#1112=DIRECTION('',(-3.33600668457079E-16,1.0,0.0));
#1113=ORIENTED_EDGE('',*,*,#2398,.F.);
#1114=ORIENTED_EDGE('',*,*,#2399,.F.);
#1115=ORIENTED_EDGE('',*,*,#2400,.F.);
#1116=ORIENTED_EDGE('',*,*,#2390,.T.);
#1117=ORIENTED_EDGE('',*,*,#2401,.F.);
#1118=ORIENTED_EDGE('',*,*,#2291,.T.);
#1119=ORIENTED_EDGE('',*,*,#2397,.T.);
#1120=ORIENTED_EDGE('',*,*,#2341,.T.);
#1121=ORIENTED_EDGE('',*,*,#2396,.T.);
#1122=ORIENTED_EDGE('',*,*,#2326,.T.);
#1123=ORIENTED_EDGE('',*,*,#2402,.T.);
#1124=ORIENTED_EDGE('',*,*,#2375,.T.);
#1125=CARTESIAN_POINT('',(0.0,0.0,1.55));
#1126=DIRECTION('',(0.0,0.0,1.0));
#1127=DIRECTION('',(1.0,0.0,0.0));
#1128=ORIENTED_EDGE('',*,*,#2366,.T.);
#1129=ORIENTED_EDGE('',*,*,#2403,.T.);
#1130=ORIENTED_EDGE('',*,*,#2404,.T.);
#1131=ORIENTED_EDGE('',*,*,#2405,.F.);
#1132=CARTESIAN_POINT('',(-1.185,3.15,1.05));
#1133=DIRECTION('',(-1.0,0.0,0.0));
#1134=DIRECTION('',(0.0,0.0,1.0));
#1135=ORIENTED_EDGE('',*,*,#2365,.T.);
#1136=ORIENTED_EDGE('',*,*,#2406,.T.);
#1137=ORIENTED_EDGE('',*,*,#2407,.T.);
#1138=ORIENTED_EDGE('',*,*,#2403,.F.);
#1139=CARTESIAN_POINT('',(-1.185,3.15,0.600000000000001));
#1140=DIRECTION('',(4.61362626589576E-16,0.0,-1.0));
#1141=DIRECTION('',(0.0,-1.0,0.0));
#1142=ORIENTED_EDGE('',*,*,#2364,.T.);
#1143=ORIENTED_EDGE('',*,*,#2408,.T.);
#1144=ORIENTED_EDGE('',*,*,#2409,.T.);
#1145=ORIENTED_EDGE('',*,*,#2410,.T.);
#1146=ORIENTED_EDGE('',*,*,#2406,.F.);
#1147=CARTESIAN_POINT('',(-0.950000000000001,3.15,0.600000000000001));
#1148=DIRECTION('',(-1.0,0.0,2.47817639425258E-15));
#1149=DIRECTION('',(0.0,1.0,0.0));
#1150=ORIENTED_EDGE('',*,*,#2411,.T.);
#1151=ORIENTED_EDGE('',*,*,#2412,.T.);
#1152=ORIENTED_EDGE('',*,*,#2413,.F.);
#1153=ORIENTED_EDGE('',*,*,#2414,.F.);
#1154=ORIENTED_EDGE('',*,*,#2415,.T.);
#1155=ORIENTED_EDGE('',*,*,#2416,.T.);
#1156=ORIENTED_EDGE('',*,*,#2417,.F.);
#1157=ORIENTED_EDGE('',*,*,#2418,.F.);
#1158=ORIENTED_EDGE('',*,*,#2419,.T.);
#1159=ORIENTED_EDGE('',*,*,#2409,.F.);
#1160=ORIENTED_EDGE('',*,*,#2420,.T.);
#1161=ORIENTED_EDGE('',*,*,#2421,.T.);
#1162=CARTESIAN_POINT('',(-0.950000000000002,3.15,0.250000000000001));
#1163=DIRECTION('',(-3.70911269534514E-16,0.0,-1.0));
#1164=DIRECTION('',(-1.0,0.0,3.70911269534514E-16));
#1165=ORIENTED_EDGE('',*,*,#2362,.T.);
#1166=ORIENTED_EDGE('',*,*,#2422,.T.);
#1167=ORIENTED_EDGE('',*,*,#2423,.T.);
#1168=ORIENTED_EDGE('',*,*,#2421,.F.);
#1169=ORIENTED_EDGE('',*,*,#2424,.T.);
#1170=CARTESIAN_POINT('',(0.950000000000001,3.15,0.25));
#1171=DIRECTION('',(1.0,0.0,0.0));
#1172=DIRECTION('',(0.0,1.0,0.0));
#1173=ORIENTED_EDGE('',*,*,#2361,.T.);
#1174=ORIENTED_EDGE('',*,*,#2425,.T.);
#1175=ORIENTED_EDGE('',*,*,#2426,.T.);
#1176=ORIENTED_EDGE('',*,*,#2422,.F.);
#1177=CARTESIAN_POINT('',(0.950000000000001,3.15,0.6));
#1178=DIRECTION('',(0.0,0.0,-1.0));
#1179=DIRECTION('',(0.0,-1.0,0.0));
#1180=ORIENTED_EDGE('',*,*,#2360,.T.);
#1181=ORIENTED_EDGE('',*,*,#2427,.T.);
#1182=ORIENTED_EDGE('',*,*,#2428,.T.);
#1183=ORIENTED_EDGE('',*,*,#2425,.F.);
#1184=CARTESIAN_POINT('',(1.185,3.15,0.6));
#1185=DIRECTION('',(1.0,0.0,0.0));
#1186=DIRECTION('',(0.0,1.0,0.0));
#1187=ORIENTED_EDGE('',*,*,#2359,.T.);
#1188=ORIENTED_EDGE('',*,*,#2429,.T.);
#1189=ORIENTED_EDGE('',*,*,#2430,.T.);
#1190=ORIENTED_EDGE('',*,*,#2427,.F.);
#1191=CARTESIAN_POINT('',(1.185,3.15,1.05));
#1192=DIRECTION('',(0.0,0.0,1.0));
#1193=DIRECTION('',(1.0,0.0,0.0));
#1194=ORIENTED_EDGE('',*,*,#2367,.T.);
#1195=ORIENTED_EDGE('',*,*,#2405,.T.);
#1196=ORIENTED_EDGE('',*,*,#2431,.T.);
#1197=ORIENTED_EDGE('',*,*,#2432,.F.);
#1198=CARTESIAN_POINT('',(-0.929999999999999,3.15,1.05));
#1199=DIRECTION('',(0.0,0.0,1.0));
#1200=DIRECTION('',(1.0,0.0,0.0));
#1201=ORIENTED_EDGE('',*,*,#2433,.F.);
#1202=ORIENTED_EDGE('',*,*,#2411,.F.);
#1203=ORIENTED_EDGE('',*,*,#2423,.F.);
#1204=ORIENTED_EDGE('',*,*,#2426,.F.);
#1205=ORIENTED_EDGE('',*,*,#2428,.F.);
#1206=ORIENTED_EDGE('',*,*,#2430,.F.);
#1207=ORIENTED_EDGE('',*,*,#2434,.F.);
#1208=ORIENTED_EDGE('',*,*,#2435,.F.);
#1209=ORIENTED_EDGE('',*,*,#2436,.F.);
#1210=ORIENTED_EDGE('',*,*,#2244,.F.);
#1211=ORIENTED_EDGE('',*,*,#2437,.F.);
#1212=ORIENTED_EDGE('',*,*,#2438,.T.);
#1213=ORIENTED_EDGE('',*,*,#2439,.T.);
#1214=ORIENTED_EDGE('',*,*,#2240,.F.);
#1215=ORIENTED_EDGE('',*,*,#2440,.F.);
#1216=ORIENTED_EDGE('',*,*,#2441,.T.);
#1217=ORIENTED_EDGE('',*,*,#2442,.T.);
#1218=ORIENTED_EDGE('',*,*,#2236,.F.);
#1219=ORIENTED_EDGE('',*,*,#2443,.F.);
#1220=ORIENTED_EDGE('',*,*,#2444,.F.);
#1221=ORIENTED_EDGE('',*,*,#2445,.F.);
#1222=ORIENTED_EDGE('',*,*,#2431,.F.);
#1223=ORIENTED_EDGE('',*,*,#2404,.F.);
#1224=ORIENTED_EDGE('',*,*,#2407,.F.);
#1225=ORIENTED_EDGE('',*,*,#2410,.F.);
#1226=ORIENTED_EDGE('',*,*,#2419,.F.);
#1227=ORIENTED_EDGE('',*,*,#2446,.T.);
#1228=ORIENTED_EDGE('',*,*,#2447,.T.);
#1229=ORIENTED_EDGE('',*,*,#2448,.F.);
#1230=ORIENTED_EDGE('',*,*,#2415,.F.);
#1231=ORIENTED_EDGE('',*,*,#2449,.T.);
#1232=ORIENTED_EDGE('',*,*,#2450,.T.);
#1233=CARTESIAN_POINT('',(0.0,3.15,0.0));
#1234=DIRECTION('',(0.0,-1.0,0.0));
#1235=DIRECTION('',(0.0,0.0,-1.0));
#1236=ORIENTED_EDGE('',*,*,#2408,.F.);
#1237=ORIENTED_EDGE('',*,*,#2363,.F.);
#1238=ORIENTED_EDGE('',*,*,#2424,.F.);
#1239=ORIENTED_EDGE('',*,*,#2420,.F.);
#1240=CARTESIAN_POINT('',(-0.950000000000002,1.83,0.250000000000001));
#1241=DIRECTION('',(-3.22901567719256E-16,0.492057256667902,-0.870562838720134));
#1242=DIRECTION('',(-1.0,0.0,3.70911269534515E-16));
#1243=ORIENTED_EDGE('',*,*,#2436,.T.);
#1244=ORIENTED_EDGE('',*,*,#2451,.T.);
#1245=ORIENTED_EDGE('',*,*,#2356,.T.);
#1246=ORIENTED_EDGE('',*,*,#2452,.T.);
#1247=ORIENTED_EDGE('',*,*,#2453,.T.);
#1248=ORIENTED_EDGE('',*,*,#2454,.T.);
#1249=ORIENTED_EDGE('',*,*,#2245,.F.);
#1250=CARTESIAN_POINT('',(0.514999999999985,16.945,1.27));
#1251=DIRECTION('',(-1.0,0.0,4.87890977618476E-14));
#1252=DIRECTION('',(0.0,1.0,0.0));
#1253=ORIENTED_EDGE('',*,*,#2434,.T.);
#1254=ORIENTED_EDGE('',*,*,#2429,.F.);
#1255=ORIENTED_EDGE('',*,*,#2358,.T.);
#1256=ORIENTED_EDGE('',*,*,#2455,.T.);
#1257=CARTESIAN_POINT('',(0.929999999999983,16.945,1.05));
#1258=DIRECTION('',(0.826227342807554,0.0,0.5633368246415));
#1259=DIRECTION('',(0.0,-1.0,0.0));
#1260=ORIENTED_EDGE('',*,*,#2435,.T.);
#1261=ORIENTED_EDGE('',*,*,#2455,.F.);
#1262=ORIENTED_EDGE('',*,*,#2357,.T.);
#1263=ORIENTED_EDGE('',*,*,#2451,.F.);
#1264=CARTESIAN_POINT('',(0.779999999999987,16.945,1.27));
#1265=DIRECTION('',(8.18265790555093E-16,0.0,1.0));
#1266=DIRECTION('',(1.0,0.0,-8.18265790555093E-16));
#1267=ORIENTED_EDGE('',*,*,#2235,.T.);
#1268=ORIENTED_EDGE('',*,*,#2456,.F.);
#1269=ORIENTED_EDGE('',*,*,#2457,.F.);
#1270=ORIENTED_EDGE('',*,*,#2458,.F.);
#1271=ORIENTED_EDGE('',*,*,#2370,.F.);
#1272=ORIENTED_EDGE('',*,*,#2459,.T.);
#1273=ORIENTED_EDGE('',*,*,#2443,.T.);
#1274=CARTESIAN_POINT('',(-0.515,16.945,1.25));
#1275=DIRECTION('',(1.0,0.0,0.0));
#1276=DIRECTION('',(0.0,1.0,0.0));
#1277=ORIENTED_EDGE('',*,*,#2444,.T.);
#1278=ORIENTED_EDGE('',*,*,#2459,.F.);
#1279=ORIENTED_EDGE('',*,*,#2369,.T.);
#1280=ORIENTED_EDGE('',*,*,#2460,.T.);
#1281=CARTESIAN_POINT('',(-0.515,16.945,1.27));
#1282=DIRECTION('',(0.0,0.0,1.0));
#1283=DIRECTION('',(1.0,0.0,0.0));
#1284=ORIENTED_EDGE('',*,*,#2445,.T.);
#1285=ORIENTED_EDGE('',*,*,#2460,.F.);
#1286=ORIENTED_EDGE('',*,*,#2368,.T.);
#1287=ORIENTED_EDGE('',*,*,#2432,.T.);
#1288=CARTESIAN_POINT('',(-0.780000000000002,16.945,1.27));
#1289=DIRECTION('',(-0.826227342807555,0.0,0.563336824641499));
#1290=DIRECTION('',(0.0,1.0,0.0));
#1291=ORIENTED_EDGE('',*,*,#2461,.F.);
#1292=ORIENTED_EDGE('',*,*,#2381,.T.);
#1293=ORIENTED_EDGE('',*,*,#2462,.T.);
#1294=ORIENTED_EDGE('',*,*,#2330,.F.);
#1295=CARTESIAN_POINT('',(-1.215,13.48,0.200000000000001));
#1296=DIRECTION('',(1.0,0.0,0.0));
#1297=DIRECTION('',(0.0,1.0,0.0));
#1298=ORIENTED_EDGE('',*,*,#2348,.T.);
#1299=ORIENTED_EDGE('',*,*,#2382,.T.);
#1300=ORIENTED_EDGE('',*,*,#2461,.T.);
#1301=ORIENTED_EDGE('',*,*,#2329,.F.);
#1302=CARTESIAN_POINT('',(-1.065,13.48,2.22044604925031E-16));
#1303=DIRECTION('',(0.800000000000001,0.0,0.599999999999999));
#1304=DIRECTION('',(0.0,-1.0,0.0));
#1305=ORIENTED_EDGE('',*,*,#2462,.F.);
#1306=ORIENTED_EDGE('',*,*,#2380,.T.);
#1307=ORIENTED_EDGE('',*,*,#2392,.F.);
#1308=ORIENTED_EDGE('',*,*,#2321,.F.);
#1309=CARTESIAN_POINT('',(-1.215,13.48,0.3));
#1310=DIRECTION('',(-5.42101086242752E-16,0.0,1.0));
#1311=DIRECTION('',(1.0,-0.0,5.42101086242752E-16));
#1312=ORIENTED_EDGE('',*,*,#2463,.F.);
#1313=ORIENTED_EDGE('',*,*,#2384,.T.);
#1314=ORIENTED_EDGE('',*,*,#2464,.T.);
#1315=ORIENTED_EDGE('',*,*,#2287,.F.);
#1316=CARTESIAN_POINT('',(1.215,13.48,0.3));
#1317=DIRECTION('',(-1.0,0.0,0.0));
#1318=DIRECTION('',(0.0,0.0,1.0));
#1319=ORIENTED_EDGE('',*,*,#2464,.F.);
#1320=ORIENTED_EDGE('',*,*,#2383,.T.);
#1321=ORIENTED_EDGE('',*,*,#2346,.F.);
#1322=ORIENTED_EDGE('',*,*,#2288,.F.);
#1323=CARTESIAN_POINT('',(1.215,13.48,0.200000000000001));
#1324=DIRECTION('',(-0.8,0.0,0.6));
#1325=DIRECTION('',(0.0,1.0,0.0));
#1326=ORIENTED_EDGE('',*,*,#2394,.T.);
#1327=ORIENTED_EDGE('',*,*,#2385,.T.);
#1328=ORIENTED_EDGE('',*,*,#2463,.T.);
#1329=ORIENTED_EDGE('',*,*,#2286,.F.);
#1330=CARTESIAN_POINT('',(1.415,13.48,0.3));
#1331=DIRECTION('',(5.42101086242752E-16,0.0,1.0));
#1332=DIRECTION('',(1.0,0.0,-5.42101086242752E-16));
#1333=ORIENTED_EDGE('',*,*,#2465,.F.);
#1334=ORIENTED_EDGE('',*,*,#2377,.T.);
#1335=ORIENTED_EDGE('',*,*,#2466,.T.);
#1336=ORIENTED_EDGE('',*,*,#2324,.F.);
#1337=CARTESIAN_POINT('',(-1.265,13.48,1.27));
#1338=DIRECTION('',(0.0,0.0,-1.0));
#1339=DIRECTION('',(0.0,-1.0,0.0));
#1340=ORIENTED_EDGE('',*,*,#2466,.F.);
#1341=ORIENTED_EDGE('',*,*,#2376,.T.);
#1342=ORIENTED_EDGE('',*,*,#2402,.F.);
#1343=ORIENTED_EDGE('',*,*,#2325,.F.);
#1344=CARTESIAN_POINT('',(-0.95,13.48,1.27));
#1345=DIRECTION('',(1.0,0.0,3.09772049281572E-15));
#1346=DIRECTION('',(-3.09772049281572E-15,0.0,1.0));
#1347=ORIENTED_EDGE('',*,*,#2393,.T.);
#1348=ORIENTED_EDGE('',*,*,#2378,.T.);
#1349=ORIENTED_EDGE('',*,*,#2465,.T.);
#1350=ORIENTED_EDGE('',*,*,#2323,.F.);
#1351=CARTESIAN_POINT('',(-1.265,13.48,1.12));
#1352=DIRECTION('',(0.0,1.0,0.0));
#1353=DIRECTION('',(0.0,0.0,-1.0));
#1354=ORIENTED_EDGE('',*,*,#2467,.F.);
#1355=ORIENTED_EDGE('',*,*,#2387,.T.);
#1356=ORIENTED_EDGE('',*,*,#2395,.F.);
#1357=ORIENTED_EDGE('',*,*,#2294,.F.);
#1358=CARTESIAN_POINT('',(1.265,13.48,1.12));
#1359=DIRECTION('',(0.0,1.0,0.0));
#1360=DIRECTION('',(0.0,0.0,-1.0));
#1361=ORIENTED_EDGE('',*,*,#2468,.F.);
#1362=ORIENTED_EDGE('',*,*,#2388,.T.);
#1363=ORIENTED_EDGE('',*,*,#2467,.T.);
#1364=ORIENTED_EDGE('',*,*,#2293,.F.);
#1365=CARTESIAN_POINT('',(0.95,13.48,1.27));
#1366=DIRECTION('',(0.0,0.0,-1.0));
#1367=DIRECTION('',(0.0,-1.0,0.0));
#1368=ORIENTED_EDGE('',*,*,#2401,.T.);
#1369=ORIENTED_EDGE('',*,*,#2389,.T.);
#1370=ORIENTED_EDGE('',*,*,#2468,.T.);
#1371=ORIENTED_EDGE('',*,*,#2292,.F.);
#1372=CARTESIAN_POINT('',(0.950000000000001,13.48,1.55));
#1373=DIRECTION('',(-1.0,0.0,3.09772049281572E-15));
#1374=DIRECTION('',(0.0,1.0,0.0));
#1375=ORIENTED_EDGE('',*,*,#2398,.T.);
#1376=ORIENTED_EDGE('',*,*,#2374,.F.);
#1377=ORIENTED_EDGE('',*,*,#2469,.T.);
#1378=ORIENTED_EDGE('',*,*,#2470,.F.);
#1379=CARTESIAN_POINT('',(-0.700000000000007,1.9,1.5));
#1380=DIRECTION('',(-1.0,0.0,0.0));
#1381=DIRECTION('',(0.0,0.0,1.0));
#1382=ORIENTED_EDGE('',*,*,#2400,.T.);
#1383=ORIENTED_EDGE('',*,*,#2471,.T.);
#1384=ORIENTED_EDGE('',*,*,#2472,.T.);
#1385=ORIENTED_EDGE('',*,*,#2391,.T.);
#1386=CARTESIAN_POINT('',(-0.500000000000008,1.6,1.5));
#1387=DIRECTION('',(1.0,-1.44560289664734E-15,0.0));
#1388=DIRECTION('',(-1.44560289664734E-15,-1.0,0.0));
#1389=ORIENTED_EDGE('',*,*,#2399,.T.);
#1390=ORIENTED_EDGE('',*,*,#2470,.T.);
#1391=ORIENTED_EDGE('',*,*,#2473,.T.);
#1392=ORIENTED_EDGE('',*,*,#2471,.F.);
#1393=CARTESIAN_POINT('',(-0.500000000000007,1.9,1.5));
#1394=DIRECTION('',(1.0842021724855E-15,1.0,0.0));
#1395=DIRECTION('',(1.0,-1.0842021724855E-15,0.0));
#1396=ORIENTED_EDGE('',*,*,#2469,.F.);
#1397=ORIENTED_EDGE('',*,*,#2373,.T.);
#1398=ORIENTED_EDGE('',*,*,#2472,.F.);
#1399=ORIENTED_EDGE('',*,*,#2473,.F.);
#1400=CARTESIAN_POINT('',(0.0,0.0,1.5));
#1401=DIRECTION('',(0.0,0.0,1.0));
#1402=DIRECTION('',(1.0,0.0,0.0));
#1403=ORIENTED_EDGE('',*,*,#2474,.T.);
#1404=ORIENTED_EDGE('',*,*,#2475,.T.);
#1405=ORIENTED_EDGE('',*,*,#2476,.F.);
#1406=ORIENTED_EDGE('',*,*,#2351,.T.);
#1407=CARTESIAN_POINT('',(-0.0999999999999999,3.5,0.05));
#1408=DIRECTION('',(-0.0,1.0,0.0));
#1409=DIRECTION('',(1.0,0.0,0.0));
#1410=ORIENTED_EDGE('',*,*,#2477,.F.);
#1411=ORIENTED_EDGE('',*,*,#2478,.T.);
#1412=ORIENTED_EDGE('',*,*,#2479,.T.);
#1413=ORIENTED_EDGE('',*,*,#2480,.F.);
#1414=ORIENTED_EDGE('',*,*,#2481,.T.);
#1415=ORIENTED_EDGE('',*,*,#2337,.F.);
#1416=ORIENTED_EDGE('',*,*,#2482,.F.);
#1417=ORIENTED_EDGE('',*,*,#2483,.F.);
#1418=CARTESIAN_POINT('',(-0.0999999999999999,4.1,0.3));
#1419=DIRECTION('',(0.0,1.20466908053945E-16,-1.0));
#1420=DIRECTION('',(-1.0,0.0,0.0));
#1421=ORIENTED_EDGE('',*,*,#2484,.F.);
#1422=ORIENTED_EDGE('',*,*,#2483,.T.);
#1423=ORIENTED_EDGE('',*,*,#2485,.F.);
#1424=ORIENTED_EDGE('',*,*,#2486,.F.);
#1425=ORIENTED_EDGE('',*,*,#2487,.T.);
#1426=ORIENTED_EDGE('',*,*,#2480,.T.);
#1427=ORIENTED_EDGE('',*,*,#2488,.T.);
#1428=ORIENTED_EDGE('',*,*,#2489,.T.);
#1429=CARTESIAN_POINT('',(-0.0999999999999999,3.65,0.3));
#1430=DIRECTION('',(-0.0,1.0,0.0));
#1431=DIRECTION('',(1.0,0.0,0.0));
#1432=ORIENTED_EDGE('',*,*,#2490,.T.);
#1433=ORIENTED_EDGE('',*,*,#2486,.T.);
#1434=ORIENTED_EDGE('',*,*,#2491,.F.);
#1435=ORIENTED_EDGE('',*,*,#2475,.F.);
#1436=CARTESIAN_POINT('',(-0.0999999999999999,3.65,0.125));
#1437=DIRECTION('',(0.0,0.447213595499959,-0.894427190999915));
#1438=DIRECTION('',(-1.0,0.0,0.0));
#1439=ORIENTED_EDGE('',*,*,#2476,.T.);
#1440=ORIENTED_EDGE('',*,*,#2491,.T.);
#1441=ORIENTED_EDGE('',*,*,#2485,.T.);
#1442=ORIENTED_EDGE('',*,*,#2482,.T.);
#1443=ORIENTED_EDGE('',*,*,#2336,.F.);
#1444=ORIENTED_EDGE('',*,*,#2352,.F.);
#1445=CARTESIAN_POINT('',(-0.0999999999999999,0.0,0.0));
#1446=DIRECTION('',(1.0,0.0,0.0));
#1447=DIRECTION('',(0.0,1.0,0.0));
#1448=ORIENTED_EDGE('',*,*,#2474,.F.);
#1449=ORIENTED_EDGE('',*,*,#2350,.T.);
#1450=ORIENTED_EDGE('',*,*,#2338,.T.);
#1451=ORIENTED_EDGE('',*,*,#2481,.F.);
#1452=ORIENTED_EDGE('',*,*,#2487,.F.);
#1453=ORIENTED_EDGE('',*,*,#2490,.F.);
#1454=CARTESIAN_POINT('',(-0.7,0.0,0.0));
#1455=DIRECTION('',(1.0,0.0,0.0));
#1456=DIRECTION('',(0.0,1.0,0.0));
#1457=ORIENTED_EDGE('',*,*,#2492,.T.);
#1458=ORIENTED_EDGE('',*,*,#2493,.F.);
#1459=ORIENTED_EDGE('',*,*,#2494,.F.);
#1460=ORIENTED_EDGE('',*,*,#2495,.T.);
#1461=CARTESIAN_POINT('',(-0.3,3.72,0.2));
#1462=DIRECTION('',(-0.0,1.0,0.0));
#1463=DIRECTION('',(1.0,0.0,0.0));
#1464=ORIENTED_EDGE('',*,*,#2496,.T.);
#1465=ORIENTED_EDGE('',*,*,#2497,.F.);
#1466=ORIENTED_EDGE('',*,*,#2498,.F.);
#1467=ORIENTED_EDGE('',*,*,#2493,.T.);
#1468=CARTESIAN_POINT('',(-0.3,3.72,0.0500000000000003));
#1469=DIRECTION('',(0.0,0.707106781186547,0.707106781186548));
#1470=DIRECTION('',(1.0,-0.0,0.0));
#1471=ORIENTED_EDGE('',*,*,#2499,.T.);
#1472=ORIENTED_EDGE('',*,*,#2500,.F.);
#1473=ORIENTED_EDGE('',*,*,#2501,.F.);
#1474=ORIENTED_EDGE('',*,*,#2497,.T.);
#1475=CARTESIAN_POINT('',(-0.3,3.82,-0.0499999999999997));
#1476=DIRECTION('',(0.0,-1.35525271560689E-16,1.0));
#1477=DIRECTION('',(0.0,-1.0,-1.35525271560689E-16));
#1478=ORIENTED_EDGE('',*,*,#2502,.T.);
#1479=ORIENTED_EDGE('',*,*,#2503,.F.);
#1480=ORIENTED_EDGE('',*,*,#2504,.F.);
#1481=ORIENTED_EDGE('',*,*,#2500,.T.);
#1482=CARTESIAN_POINT('',(-0.3,4.02,-0.0499999999999997));
#1483=DIRECTION('',(0.0,-0.707106781186546,0.707106781186549));
#1484=DIRECTION('',(-1.0,0.0,0.0));
#1485=ORIENTED_EDGE('',*,*,#2505,.T.);
#1486=ORIENTED_EDGE('',*,*,#2506,.F.);
#1487=ORIENTED_EDGE('',*,*,#2507,.F.);
#1488=ORIENTED_EDGE('',*,*,#2503,.T.);
#1489=CARTESIAN_POINT('',(-0.3,4.1,0.0300000000000003));
#1490=DIRECTION('',(0.0,-1.0,0.0));
#1491=DIRECTION('',(0.0,0.0,-1.0));
#1492=ORIENTED_EDGE('',*,*,#2508,.T.);
#1493=ORIENTED_EDGE('',*,*,#2509,.F.);
#1494=ORIENTED_EDGE('',*,*,#2510,.F.);
#1495=ORIENTED_EDGE('',*,*,#2506,.T.);
#1496=CARTESIAN_POINT('',(-0.3,4.1,0.15));
#1497=DIRECTION('',(0.0,-1.01643953670516E-15,-1.0));
#1498=DIRECTION('',(0.0,-1.0,1.01643953670516E-15));
#1499=ORIENTED_EDGE('',*,*,#2511,.T.);
#1500=ORIENTED_EDGE('',*,*,#2477,.T.);
#1501=ORIENTED_EDGE('',*,*,#2484,.T.);
#1502=ORIENTED_EDGE('',*,*,#2512,.T.);
#1503=ORIENTED_EDGE('',*,*,#2494,.T.);
#1504=ORIENTED_EDGE('',*,*,#2498,.T.);
#1505=ORIENTED_EDGE('',*,*,#2501,.T.);
#1506=ORIENTED_EDGE('',*,*,#2504,.T.);
#1507=ORIENTED_EDGE('',*,*,#2507,.T.);
#1508=ORIENTED_EDGE('',*,*,#2510,.T.);
#1509=CARTESIAN_POINT('',(-0.3,2.03,0.280000000000001));
#1510=DIRECTION('',(1.0,0.0,0.0));
#1511=DIRECTION('',(0.0,1.0,0.0));
#1512=ORIENTED_EDGE('',*,*,#2479,.F.);
#1513=ORIENTED_EDGE('',*,*,#2513,.F.);
#1514=ORIENTED_EDGE('',*,*,#2508,.F.);
#1515=ORIENTED_EDGE('',*,*,#2505,.F.);
#1516=ORIENTED_EDGE('',*,*,#2502,.F.);
#1517=ORIENTED_EDGE('',*,*,#2499,.F.);
#1518=ORIENTED_EDGE('',*,*,#2496,.F.);
#1519=ORIENTED_EDGE('',*,*,#2492,.F.);
#1520=ORIENTED_EDGE('',*,*,#2514,.F.);
#1521=ORIENTED_EDGE('',*,*,#2488,.F.);
#1522=CARTESIAN_POINT('',(-0.5,2.03,0.280000000000001));
#1523=DIRECTION('',(1.0,0.0,0.0));
#1524=DIRECTION('',(0.0,1.0,0.0));
#1525=ORIENTED_EDGE('',*,*,#2489,.F.);
#1526=ORIENTED_EDGE('',*,*,#2514,.T.);
#1527=ORIENTED_EDGE('',*,*,#2495,.F.);
#1528=ORIENTED_EDGE('',*,*,#2512,.F.);
#1529=CARTESIAN_POINT('',(-0.3,1.95,0.2));
#1530=DIRECTION('',(0.0,4.59407700205722E-17,1.0));
#1531=DIRECTION('',(0.0,-1.0,4.59407700205722E-17));
#1532=ORIENTED_EDGE('',*,*,#2478,.F.);
#1533=ORIENTED_EDGE('',*,*,#2511,.F.);
#1534=ORIENTED_EDGE('',*,*,#2509,.T.);
#1535=ORIENTED_EDGE('',*,*,#2513,.T.);
#1536=CARTESIAN_POINT('',(-0.3,4.02,0.15));
#1537=DIRECTION('',(0.0,-1.0,0.0));
#1538=DIRECTION('',(0.0,0.0,-1.0));
#1539=ORIENTED_EDGE('',*,*,#2515,.T.);
#1540=ORIENTED_EDGE('',*,*,#2516,.F.);
#1541=ORIENTED_EDGE('',*,*,#2517,.F.);
#1542=ORIENTED_EDGE('',*,*,#2518,.T.);
#1543=CARTESIAN_POINT('',(-0.3,2.04,1.09196152422707));
#1544=DIRECTION('',(1.0,-0.0,0.0));
#1545=DIRECTION('',(0.0,0.0,1.0));
#1546=ORIENTED_EDGE('',*,*,#2519,.T.);
#1547=ORIENTED_EDGE('',*,*,#2520,.F.);
#1548=ORIENTED_EDGE('',*,*,#2521,.F.);
#1549=ORIENTED_EDGE('',*,*,#2516,.T.);
#1550=CARTESIAN_POINT('',(-0.3,1.995,1.01401923788647));
#1551=DIRECTION('',(0.0,0.499999999999998,0.86602540378444));
#1552=DIRECTION('',(1.0,-0.0,0.0));
#1553=ORIENTED_EDGE('',*,*,#2522,.T.);
#1554=ORIENTED_EDGE('',*,*,#2523,.F.);
#1555=ORIENTED_EDGE('',*,*,#2524,.F.);
#1556=ORIENTED_EDGE('',*,*,#2520,.T.);
#1557=CARTESIAN_POINT('',(-0.3,2.05392304845413,0.98));
#1558=DIRECTION('',(0.0,0.0,1.0));
#1559=DIRECTION('',(1.0,0.0,0.0));
#1560=ORIENTED_EDGE('',*,*,#2525,.T.);
#1561=ORIENTED_EDGE('',*,*,#2526,.F.);
#1562=ORIENTED_EDGE('',*,*,#2527,.F.);
#1563=ORIENTED_EDGE('',*,*,#2523,.T.);
#1564=CARTESIAN_POINT('',(-0.3,2.15000000000004,1.03999999999998));
#1565=DIRECTION('',(1.0,-0.0,0.0));
#1566=DIRECTION('',(0.0,0.0,1.0));
#1567=ORIENTED_EDGE('',*,*,#2528,.T.);
#1568=ORIENTED_EDGE('',*,*,#2529,.F.);
#1569=ORIENTED_EDGE('',*,*,#2530,.F.);
#1570=ORIENTED_EDGE('',*,*,#2526,.T.);
#1571=CARTESIAN_POINT('',(-0.3,2.28266499161422,0.97));
#1572=DIRECTION('',(1.0,-0.0,0.0));
#1573=DIRECTION('',(0.0,0.0,1.0));
#1574=ORIENTED_EDGE('',*,*,#2531,.F.);
#1575=ORIENTED_EDGE('',*,*,#2237,.T.);
#1576=ORIENTED_EDGE('',*,*,#2442,.F.);
#1577=ORIENTED_EDGE('',*,*,#2532,.F.);
#1578=ORIENTED_EDGE('',*,*,#2528,.F.);
#1579=ORIENTED_EDGE('',*,*,#2525,.F.);
#1580=ORIENTED_EDGE('',*,*,#2522,.F.);
#1581=ORIENTED_EDGE('',*,*,#2519,.F.);
#1582=ORIENTED_EDGE('',*,*,#2515,.F.);
#1583=CARTESIAN_POINT('',(-0.5,2.03,0.280000000000001));
#1584=DIRECTION('',(1.0,0.0,0.0));
#1585=DIRECTION('',(0.0,1.0,0.0));
#1586=ORIENTED_EDGE('',*,*,#2239,.F.);
#1587=ORIENTED_EDGE('',*,*,#2533,.T.);
#1588=ORIENTED_EDGE('',*,*,#2517,.T.);
#1589=ORIENTED_EDGE('',*,*,#2521,.T.);
#1590=ORIENTED_EDGE('',*,*,#2524,.T.);
#1591=ORIENTED_EDGE('',*,*,#2527,.T.);
#1592=ORIENTED_EDGE('',*,*,#2530,.T.);
#1593=ORIENTED_EDGE('',*,*,#2534,.T.);
#1594=ORIENTED_EDGE('',*,*,#2440,.T.);
#1595=CARTESIAN_POINT('',(-0.3,2.03,0.280000000000001));
#1596=DIRECTION('',(1.0,0.0,0.0));
#1597=DIRECTION('',(0.0,1.0,0.0));
#1598=ORIENTED_EDGE('',*,*,#2441,.F.);
#1599=ORIENTED_EDGE('',*,*,#2534,.F.);
#1600=ORIENTED_EDGE('',*,*,#2529,.T.);
#1601=ORIENTED_EDGE('',*,*,#2532,.T.);
#1602=CARTESIAN_POINT('',(-0.3,2.28162199911082,1.01998912048274));
#1603=DIRECTION('',(0.0,-0.0208598500679779,0.999782409654792));
#1604=DIRECTION('',(-1.0,0.0,0.0));
#1605=ORIENTED_EDGE('',*,*,#2533,.F.);
#1606=ORIENTED_EDGE('',*,*,#2238,.T.);
#1607=ORIENTED_EDGE('',*,*,#2531,.T.);
#1608=ORIENTED_EDGE('',*,*,#2518,.F.);
#1609=CARTESIAN_POINT('',(-0.3,1.95,1.33));
#1610=DIRECTION('',(0.0,1.0,-9.1094699624924E-16));
#1611=DIRECTION('',(0.0,-9.1094699624924E-16,-1.0));
#1612=ORIENTED_EDGE('',*,*,#2535,.T.);
#1613=ORIENTED_EDGE('',*,*,#2417,.T.);
#1614=ORIENTED_EDGE('',*,*,#2536,.F.);
#1615=ORIENTED_EDGE('',*,*,#2537,.T.);
#1616=CARTESIAN_POINT('',(-0.3,1.95,0.28));
#1617=DIRECTION('',(-0.0,1.0,0.0));
#1618=DIRECTION('',(1.0,0.0,0.0));
#1619=ORIENTED_EDGE('',*,*,#2416,.F.);
#1620=ORIENTED_EDGE('',*,*,#2448,.T.);
#1621=ORIENTED_EDGE('',*,*,#2538,.T.);
#1622=ORIENTED_EDGE('',*,*,#2539,.T.);
#1623=ORIENTED_EDGE('',*,*,#2540,.T.);
#1624=ORIENTED_EDGE('',*,*,#2541,.T.);
#1625=ORIENTED_EDGE('',*,*,#2542,.T.);
#1626=ORIENTED_EDGE('',*,*,#2536,.T.);
#1627=CARTESIAN_POINT('',(-0.3,2.03,0.280000000000001));
#1628=DIRECTION('',(1.0,0.0,0.0));
#1629=DIRECTION('',(0.0,1.0,0.0));
#1630=ORIENTED_EDGE('',*,*,#2446,.F.);
#1631=ORIENTED_EDGE('',*,*,#2418,.T.);
#1632=ORIENTED_EDGE('',*,*,#2535,.F.);
#1633=ORIENTED_EDGE('',*,*,#2543,.F.);
#1634=ORIENTED_EDGE('',*,*,#2544,.F.);
#1635=ORIENTED_EDGE('',*,*,#2545,.F.);
#1636=ORIENTED_EDGE('',*,*,#2546,.F.);
#1637=ORIENTED_EDGE('',*,*,#2547,.F.);
#1638=CARTESIAN_POINT('',(-0.5,2.03,0.280000000000001));
#1639=DIRECTION('',(1.0,0.0,0.0));
#1640=DIRECTION('',(0.0,1.0,0.0));
#1641=ORIENTED_EDGE('',*,*,#2543,.T.);
#1642=ORIENTED_EDGE('',*,*,#2537,.F.);
#1643=ORIENTED_EDGE('',*,*,#2542,.F.);
#1644=ORIENTED_EDGE('',*,*,#2548,.T.);
#1645=CARTESIAN_POINT('',(-0.3,2.03,0.280000000000001));
#1646=DIRECTION('',(1.0,-0.0,0.0));
#1647=DIRECTION('',(0.0,0.0,1.0));
#1648=ORIENTED_EDGE('',*,*,#2447,.F.);
#1649=ORIENTED_EDGE('',*,*,#2547,.T.);
#1650=ORIENTED_EDGE('',*,*,#2549,.F.);
#1651=ORIENTED_EDGE('',*,*,#2538,.F.);
#1652=CARTESIAN_POINT('',(-0.3,3.72,0.4));
#1653=DIRECTION('',(0.0,2.35696124453371E-16,-1.0));
#1654=DIRECTION('',(-1.0,0.0,0.0));
#1655=ORIENTED_EDGE('',*,*,#2546,.T.);
#1656=ORIENTED_EDGE('',*,*,#2550,.F.);
#1657=ORIENTED_EDGE('',*,*,#2539,.F.);
#1658=ORIENTED_EDGE('',*,*,#2549,.T.);
#1659=CARTESIAN_POINT('',(-0.3,2.34,0.4));
#1660=DIRECTION('',(0.0,-0.707106781186546,-0.707106781186549));
#1661=DIRECTION('',(0.0,-0.707106781186549,0.707106781186546));
#1662=ORIENTED_EDGE('',*,*,#2545,.T.);
#1663=ORIENTED_EDGE('',*,*,#2551,.F.);
#1664=ORIENTED_EDGE('',*,*,#2540,.F.);
#1665=ORIENTED_EDGE('',*,*,#2550,.T.);
#1666=CARTESIAN_POINT('',(-0.3,2.3,0.44));
#1667=DIRECTION('',(0.0,0.0,-1.0));
#1668=DIRECTION('',(0.0,-1.0,0.0));
#1669=ORIENTED_EDGE('',*,*,#2544,.T.);
#1670=ORIENTED_EDGE('',*,*,#2548,.F.);
#1671=ORIENTED_EDGE('',*,*,#2541,.F.);
#1672=ORIENTED_EDGE('',*,*,#2551,.T.);
#1673=CARTESIAN_POINT('',(-0.3,2.1,0.44));
#1674=DIRECTION('',(0.0,0.630776377508719,-0.775964665160069));
#1675=DIRECTION('',(-1.0,0.0,0.0));
#1676=ORIENTED_EDGE('',*,*,#2301,.F.);
#1677=ORIENTED_EDGE('',*,*,#2552,.T.);
#1678=ORIENTED_EDGE('',*,*,#2315,.T.);
#1679=ORIENTED_EDGE('',*,*,#2553,.T.);
#1680=CARTESIAN_POINT('',(-1.73999999999999,1.65000000000015,0.25));
#1681=DIRECTION('',(0.0,-1.0,0.0));
#1682=DIRECTION('',(0.0,0.0,1.0));
#1683=ORIENTED_EDGE('',*,*,#2309,.T.);
#1684=ORIENTED_EDGE('',*,*,#2554,.T.);
#1685=ORIENTED_EDGE('',*,*,#2555,.F.);
#1686=ORIENTED_EDGE('',*,*,#2556,.F.);
#1687=CARTESIAN_POINT('',(-1.02,1.65000000000002,1.3));
#1688=DIRECTION('',(-1.0,0.0,0.0));
#1689=DIRECTION('',(0.0,0.0,1.0));
#1690=ORIENTED_EDGE('',*,*,#2555,.T.);
#1691=ORIENTED_EDGE('',*,*,#2557,.T.);
#1692=ORIENTED_EDGE('',*,*,#2558,.F.);
#1693=ORIENTED_EDGE('',*,*,#2559,.F.);
#1694=CARTESIAN_POINT('',(-1.02,1.65000000000002,1.5));
#1695=DIRECTION('',(0.0,0.0,-1.0));
#1696=DIRECTION('',(0.0,-1.0,0.0));
#1697=ORIENTED_EDGE('',*,*,#2558,.T.);
#1698=ORIENTED_EDGE('',*,*,#2560,.T.);
#1699=ORIENTED_EDGE('',*,*,#2561,.F.);
#1700=ORIENTED_EDGE('',*,*,#2562,.T.);
#1701=CARTESIAN_POINT('',(-1.33999999999999,1.65000000000015,1.2));
#1702=DIRECTION('',(0.0,-1.0,0.0));
#1703=DIRECTION('',(0.0,0.0,1.0));
#1704=ORIENTED_EDGE('',*,*,#2563,.T.);
#1705=ORIENTED_EDGE('',*,*,#2564,.T.);
#1706=ORIENTED_EDGE('',*,*,#2318,.T.);
#1707=ORIENTED_EDGE('',*,*,#2565,.T.);
#1708=ORIENTED_EDGE('',*,*,#2566,.T.);
#1709=ORIENTED_EDGE('',*,*,#2567,.F.);
#1710=ORIENTED_EDGE('',*,*,#2568,.T.);
#1711=ORIENTED_EDGE('',*,*,#2569,.T.);
#1712=ORIENTED_EDGE('',*,*,#2570,.F.);
#1713=ORIENTED_EDGE('',*,*,#2561,.T.);
#1714=CARTESIAN_POINT('',(-1.64,1.65,1.2));
#1715=DIRECTION('',(1.0,0.0,0.0));
#1716=DIRECTION('',(0.0,1.0,0.0));
#1717=ORIENTED_EDGE('',*,*,#2571,.F.);
#1718=ORIENTED_EDGE('',*,*,#2572,.T.);
#1719=ORIENTED_EDGE('',*,*,#2567,.T.);
#1720=ORIENTED_EDGE('',*,*,#2573,.T.);
#1721=CARTESIAN_POINT('',(-1.73999999999999,1.65000000000015,0.250000000000001));
#1722=DIRECTION('',(0.0,-1.0,0.0));
#1723=DIRECTION('',(0.0,0.0,1.0));
#1724=ORIENTED_EDGE('',*,*,#2312,.F.);
#1725=ORIENTED_EDGE('',*,*,#2574,.T.);
#1726=ORIENTED_EDGE('',*,*,#2571,.T.);
#1727=ORIENTED_EDGE('',*,*,#2575,.T.);
#1728=CARTESIAN_POINT('',(-1.74,1.65,0.150000000000001));
#1729=DIRECTION('',(0.0,0.0,-1.0));
#1730=DIRECTION('',(0.0,-1.0,0.0));
#1731=ORIENTED_EDGE('',*,*,#2576,.F.);
#1732=ORIENTED_EDGE('',*,*,#2298,.T.);
#1733=ORIENTED_EDGE('',*,*,#2307,.T.);
#1734=ORIENTED_EDGE('',*,*,#2310,.T.);
#1735=ORIENTED_EDGE('',*,*,#2556,.T.);
#1736=ORIENTED_EDGE('',*,*,#2559,.T.);
#1737=ORIENTED_EDGE('',*,*,#2562,.F.);
#1738=ORIENTED_EDGE('',*,*,#2570,.T.);
#1739=CARTESIAN_POINT('',(-1.73999999999999,1.65000000000015,0.25));
#1740=DIRECTION('',(0.0,-1.0,0.0));
#1741=DIRECTION('',(0.0,0.0,-1.0));
#1742=ORIENTED_EDGE('',*,*,#2577,.F.);
#1743=ORIENTED_EDGE('',*,*,#2565,.F.);
#1744=ORIENTED_EDGE('',*,*,#2320,.F.);
#1745=ORIENTED_EDGE('',*,*,#2303,.F.);
#1746=CARTESIAN_POINT('',(3.2575,2.45,0.45));
#1747=DIRECTION('',(0.0,-1.39397422176707E-15,1.0));
#1748=DIRECTION('',(0.0,-1.0,-1.39397422176707E-15));
#1749=ORIENTED_EDGE('',*,*,#2317,.T.);
#1750=ORIENTED_EDGE('',*,*,#2313,.T.);
#1751=ORIENTED_EDGE('',*,*,#2575,.F.);
#1752=ORIENTED_EDGE('',*,*,#2573,.F.);
#1753=ORIENTED_EDGE('',*,*,#2566,.F.);
#1754=ORIENTED_EDGE('',*,*,#2577,.T.);
#1755=ORIENTED_EDGE('',*,*,#2302,.F.);
#1756=ORIENTED_EDGE('',*,*,#2553,.F.);
#1757=CARTESIAN_POINT('',(3.2575,2.45,-0.0499999999999998));
#1758=DIRECTION('',(0.0,-1.0,0.0));
#1759=DIRECTION('',(0.0,0.0,-1.0));
#1760=ORIENTED_EDGE('',*,*,#2300,.F.);
#1761=ORIENTED_EDGE('',*,*,#2578,.F.);
#1762=ORIENTED_EDGE('',*,*,#2568,.F.);
#1763=ORIENTED_EDGE('',*,*,#2572,.F.);
#1764=ORIENTED_EDGE('',*,*,#2574,.F.);
#1765=ORIENTED_EDGE('',*,*,#2311,.T.);
#1766=ORIENTED_EDGE('',*,*,#2316,.F.);
#1767=ORIENTED_EDGE('',*,*,#2552,.F.);
#1768=CARTESIAN_POINT('',(3.2575,1.75000000000001,0.45));
#1769=DIRECTION('',(-0.0,1.0,0.0));
#1770=DIRECTION('',(1.0,0.0,0.0));
#1771=ORIENTED_EDGE('',*,*,#2576,.T.);
#1772=ORIENTED_EDGE('',*,*,#2569,.F.);
#1773=ORIENTED_EDGE('',*,*,#2578,.T.);
#1774=ORIENTED_EDGE('',*,*,#2299,.F.);
#1775=CARTESIAN_POINT('',(3.2575,1.65,0.45));
#1776=DIRECTION('',(0.0,0.0,1.0));
#1777=DIRECTION('',(1.0,0.0,0.0));
#1778=ORIENTED_EDGE('',*,*,#2319,.F.);
#1779=ORIENTED_EDGE('',*,*,#2564,.F.);
#1780=ORIENTED_EDGE('',*,*,#2579,.F.);
#1781=ORIENTED_EDGE('',*,*,#2295,.T.);
#1782=CARTESIAN_POINT('',(-1.64,2.65,0.950000000000001));
#1783=DIRECTION('',(5.42101086242751E-16,0.0,1.0));
#1784=DIRECTION('',(1.0,0.0,-5.42101086242751E-16));
#1785=ORIENTED_EDGE('',*,*,#2563,.F.);
#1786=ORIENTED_EDGE('',*,*,#2560,.F.);
#1787=ORIENTED_EDGE('',*,*,#2557,.F.);
#1788=ORIENTED_EDGE('',*,*,#2554,.F.);
#1789=ORIENTED_EDGE('',*,*,#2308,.F.);
#1790=ORIENTED_EDGE('',*,*,#2305,.F.);
#1791=ORIENTED_EDGE('',*,*,#2296,.F.);
#1792=ORIENTED_EDGE('',*,*,#2579,.T.);
#1793=CARTESIAN_POINT('',(-1.33999999999999,2.65,1.2));
#1794=DIRECTION('',(-0.0,1.0,0.0));
#1795=DIRECTION('',(1.0,0.0,0.0));
#1796=ORIENTED_EDGE('',*,*,#2580,.F.);
#1797=ORIENTED_EDGE('',*,*,#2258,.F.);
#1798=ORIENTED_EDGE('',*,*,#2581,.T.);
#1799=ORIENTED_EDGE('',*,*,#2582,.T.);
#1800=CARTESIAN_POINT('',(1.34,1.64999999999985,1.2));
#1801=DIRECTION('',(0.0,-1.0,0.0));
#1802=DIRECTION('',(0.0,0.0,1.0));
#1803=ORIENTED_EDGE('',*,*,#2583,.F.);
#1804=ORIENTED_EDGE('',*,*,#2582,.F.);
#1805=ORIENTED_EDGE('',*,*,#2584,.T.);
#1806=ORIENTED_EDGE('',*,*,#2585,.T.);
#1807=CARTESIAN_POINT('',(1.34,1.64999999999998,1.3));
#1808=DIRECTION('',(0.0,0.0,-1.0));
#1809=DIRECTION('',(0.0,-1.0,0.0));
#1810=ORIENTED_EDGE('',*,*,#2586,.F.);
#1811=ORIENTED_EDGE('',*,*,#2585,.F.);
#1812=ORIENTED_EDGE('',*,*,#2587,.T.);
#1813=ORIENTED_EDGE('',*,*,#2588,.T.);
#1814=CARTESIAN_POINT('',(1.02,1.64999999999998,1.3));
#1815=DIRECTION('',(-1.0,0.0,0.0));
#1816=DIRECTION('',(0.0,0.0,1.0));
#1817=ORIENTED_EDGE('',*,*,#2589,.F.);
#1818=ORIENTED_EDGE('',*,*,#2588,.F.);
#1819=ORIENTED_EDGE('',*,*,#2590,.T.);
#1820=ORIENTED_EDGE('',*,*,#2591,.T.);
#1821=CARTESIAN_POINT('',(1.02,1.64999999999998,1.5));
#1822=DIRECTION('',(0.0,0.0,1.0));
#1823=DIRECTION('',(1.0,0.0,0.0));
#1824=ORIENTED_EDGE('',*,*,#2592,.F.);
#1825=ORIENTED_EDGE('',*,*,#2591,.F.);
#1826=ORIENTED_EDGE('',*,*,#2593,.F.);
#1827=ORIENTED_EDGE('',*,*,#2269,.T.);
#1828=CARTESIAN_POINT('',(1.34,1.64999999999985,1.2));
#1829=DIRECTION('',(0.0,-1.0,0.0));
#1830=DIRECTION('',(0.0,0.0,1.0));
#1831=ORIENTED_EDGE('',*,*,#2257,.F.);
#1832=ORIENTED_EDGE('',*,*,#2594,.T.);
#1833=ORIENTED_EDGE('',*,*,#2270,.F.);
#1834=ORIENTED_EDGE('',*,*,#2593,.T.);
#1835=ORIENTED_EDGE('',*,*,#2590,.F.);
#1836=ORIENTED_EDGE('',*,*,#2587,.F.);
#1837=ORIENTED_EDGE('',*,*,#2584,.F.);
#1838=ORIENTED_EDGE('',*,*,#2581,.F.);
#1839=CARTESIAN_POINT('',(1.74,1.64999999999985,0.250000000000001));
#1840=DIRECTION('',(-0.0,1.0,0.0));
#1841=DIRECTION('',(1.0,0.0,0.0));
#1842=ORIENTED_EDGE('',*,*,#2284,.T.);
#1843=ORIENTED_EDGE('',*,*,#2275,.T.);
#1844=ORIENTED_EDGE('',*,*,#2595,.T.);
#1845=ORIENTED_EDGE('',*,*,#2252,.T.);
#1846=CARTESIAN_POINT('',(-3.2575,2.45,0.45));
#1847=DIRECTION('',(0.0,1.39397422176707E-15,-1.0));
#1848=DIRECTION('',(-1.0,0.0,0.0));
#1849=ORIENTED_EDGE('',*,*,#2253,.T.);
#1850=ORIENTED_EDGE('',*,*,#2595,.F.);
#1851=ORIENTED_EDGE('',*,*,#2274,.T.);
#1852=ORIENTED_EDGE('',*,*,#2280,.T.);
#1853=ORIENTED_EDGE('',*,*,#2282,.T.);
#1854=ORIENTED_EDGE('',*,*,#2262,.F.);
#1855=ORIENTED_EDGE('',*,*,#2265,.F.);
#1856=ORIENTED_EDGE('',*,*,#2267,.T.);
#1857=CARTESIAN_POINT('',(-3.2575,2.45,-0.0499999999999998));
#1858=DIRECTION('',(-0.0,1.0,0.0));
#1859=DIRECTION('',(1.0,0.0,0.0));
#1860=ORIENTED_EDGE('',*,*,#2263,.T.);
#1861=ORIENTED_EDGE('',*,*,#2260,.F.);
#1862=ORIENTED_EDGE('',*,*,#2281,.T.);
#1863=ORIENTED_EDGE('',*,*,#2278,.T.);
#1864=ORIENTED_EDGE('',*,*,#2272,.T.);
#1865=ORIENTED_EDGE('',*,*,#2596,.T.);
#1866=ORIENTED_EDGE('',*,*,#2255,.T.);
#1867=ORIENTED_EDGE('',*,*,#2266,.T.);
#1868=CARTESIAN_POINT('',(-3.2575,1.75000000000001,0.45));
#1869=DIRECTION('',(0.0,-1.0,0.0));
#1870=DIRECTION('',(0.0,0.0,-1.0));
#1871=ORIENTED_EDGE('',*,*,#2596,.F.);
#1872=ORIENTED_EDGE('',*,*,#2271,.T.);
#1873=ORIENTED_EDGE('',*,*,#2594,.F.);
#1874=ORIENTED_EDGE('',*,*,#2256,.T.);
#1875=CARTESIAN_POINT('',(-3.2575,1.65,0.45));
#1876=DIRECTION('',(0.0,0.0,-1.0));
#1877=DIRECTION('',(0.0,-1.0,0.0));
#1878=ORIENTED_EDGE('',*,*,#2283,.T.);
#1879=ORIENTED_EDGE('',*,*,#2250,.F.);
#1880=ORIENTED_EDGE('',*,*,#2597,.T.);
#1881=ORIENTED_EDGE('',*,*,#2277,.T.);
#1882=CARTESIAN_POINT('',(1.64,2.65,0.950000000000001));
#1883=DIRECTION('',(5.42101086242751E-16,0.0,-1.0));
#1884=DIRECTION('',(0.0,-1.0,0.0));
#1885=ORIENTED_EDGE('',*,*,#2268,.T.);
#1886=ORIENTED_EDGE('',*,*,#2597,.F.);
#1887=ORIENTED_EDGE('',*,*,#2249,.T.);
#1888=ORIENTED_EDGE('',*,*,#2580,.T.);
#1889=ORIENTED_EDGE('',*,*,#2583,.T.);
#1890=ORIENTED_EDGE('',*,*,#2586,.T.);
#1891=ORIENTED_EDGE('',*,*,#2589,.T.);
#1892=ORIENTED_EDGE('',*,*,#2592,.T.);
#1893=CARTESIAN_POINT('',(1.34,2.65,1.2));
#1894=DIRECTION('',(0.0,-1.0,0.0));
#1895=DIRECTION('',(0.0,0.0,-1.0));
#1896=ORIENTED_EDGE('',*,*,#2456,.T.);
#1897=ORIENTED_EDGE('',*,*,#2234,.T.);
#1898=ORIENTED_EDGE('',*,*,#2598,.F.);
#1899=ORIENTED_EDGE('',*,*,#2599,.T.);
#1900=CARTESIAN_POINT('',(-0.285,1.85,1.1));
#1901=DIRECTION('',(0.0,-1.0,1.23908819712629E-15));
#1902=DIRECTION('',(-1.0,0.0,0.0));
#1903=ORIENTED_EDGE('',*,*,#2233,.F.);
#1904=ORIENTED_EDGE('',*,*,#2248,.T.);
#1905=ORIENTED_EDGE('',*,*,#2372,.F.);
#1906=ORIENTED_EDGE('',*,*,#2600,.T.);
#1907=ORIENTED_EDGE('',*,*,#2601,.T.);
#1908=ORIENTED_EDGE('',*,*,#2598,.T.);
#1909=CARTESIAN_POINT('',(-0.285,0.0,0.0));
#1910=DIRECTION('',(1.0,0.0,0.0));
#1911=DIRECTION('',(0.0,1.0,0.0));
#1912=ORIENTED_EDGE('',*,*,#2458,.T.);
#1913=ORIENTED_EDGE('',*,*,#2602,.F.);
#1914=ORIENTED_EDGE('',*,*,#2600,.F.);
#1915=ORIENTED_EDGE('',*,*,#2371,.T.);
#1916=CARTESIAN_POINT('',(-0.285,1.6,1.18));
#1917=DIRECTION('',(0.0,0.470588235294119,0.88235294117647));
#1918=DIRECTION('',(1.0,-0.0,0.0));
#1919=ORIENTED_EDGE('',*,*,#2457,.T.);
#1920=ORIENTED_EDGE('',*,*,#2599,.F.);
#1921=ORIENTED_EDGE('',*,*,#2601,.F.);
#1922=ORIENTED_EDGE('',*,*,#2602,.T.);
#1923=CARTESIAN_POINT('',(-0.285,1.75,1.1));
#1924=DIRECTION('',(0.0,0.0,1.0));
#1925=DIRECTION('',(1.0,0.0,0.0));
#1926=ORIENTED_EDGE('',*,*,#2603,.F.);
#1927=ORIENTED_EDGE('',*,*,#2604,.F.);
#1928=ORIENTED_EDGE('',*,*,#2605,.T.);
#1929=ORIENTED_EDGE('',*,*,#2343,.T.);
#1930=CARTESIAN_POINT('',(0.7,3.5,0.05));
#1931=DIRECTION('',(-0.0,1.0,0.0));
#1932=DIRECTION('',(1.0,0.0,0.0));
#1933=ORIENTED_EDGE('',*,*,#2606,.F.);
#1934=ORIENTED_EDGE('',*,*,#2607,.T.);
#1935=ORIENTED_EDGE('',*,*,#2608,.T.);
#1936=ORIENTED_EDGE('',*,*,#2609,.T.);
#1937=ORIENTED_EDGE('',*,*,#2610,.F.);
#1938=ORIENTED_EDGE('',*,*,#2333,.F.);
#1939=ORIENTED_EDGE('',*,*,#2611,.T.);
#1940=ORIENTED_EDGE('',*,*,#2612,.T.);
#1941=CARTESIAN_POINT('',(0.7,4.1,0.3));
#1942=DIRECTION('',(0.0,1.20466908053945E-16,-1.0));
#1943=DIRECTION('',(-1.0,0.0,0.0));
#1944=ORIENTED_EDGE('',*,*,#2613,.F.);
#1945=ORIENTED_EDGE('',*,*,#2612,.F.);
#1946=ORIENTED_EDGE('',*,*,#2614,.T.);
#1947=ORIENTED_EDGE('',*,*,#2615,.T.);
#1948=ORIENTED_EDGE('',*,*,#2616,.F.);
#1949=ORIENTED_EDGE('',*,*,#2609,.F.);
#1950=ORIENTED_EDGE('',*,*,#2617,.T.);
#1951=ORIENTED_EDGE('',*,*,#2618,.T.);
#1952=CARTESIAN_POINT('',(0.7,3.65,0.3));
#1953=DIRECTION('',(-0.0,1.0,0.0));
#1954=DIRECTION('',(1.0,0.0,0.0));
#1955=ORIENTED_EDGE('',*,*,#2619,.F.);
#1956=ORIENTED_EDGE('',*,*,#2615,.F.);
#1957=ORIENTED_EDGE('',*,*,#2620,.T.);
#1958=ORIENTED_EDGE('',*,*,#2604,.T.);
#1959=CARTESIAN_POINT('',(0.7,3.65,0.125));
#1960=DIRECTION('',(0.0,0.447213595499959,-0.894427190999915));
#1961=DIRECTION('',(-1.0,0.0,0.0));
#1962=ORIENTED_EDGE('',*,*,#2605,.F.);
#1963=ORIENTED_EDGE('',*,*,#2620,.F.);
#1964=ORIENTED_EDGE('',*,*,#2614,.F.);
#1965=ORIENTED_EDGE('',*,*,#2611,.F.);
#1966=ORIENTED_EDGE('',*,*,#2332,.F.);
#1967=ORIENTED_EDGE('',*,*,#2344,.F.);
#1968=CARTESIAN_POINT('',(0.7,0.0,0.0));
#1969=DIRECTION('',(1.0,0.0,0.0));
#1970=DIRECTION('',(0.0,1.0,0.0));
#1971=ORIENTED_EDGE('',*,*,#2603,.T.);
#1972=ORIENTED_EDGE('',*,*,#2353,.T.);
#1973=ORIENTED_EDGE('',*,*,#2334,.T.);
#1974=ORIENTED_EDGE('',*,*,#2610,.T.);
#1975=ORIENTED_EDGE('',*,*,#2616,.T.);
#1976=ORIENTED_EDGE('',*,*,#2619,.T.);
#1977=CARTESIAN_POINT('',(0.1,0.0,0.0));
#1978=DIRECTION('',(1.0,0.0,0.0));
#1979=DIRECTION('',(0.0,1.0,0.0));
#1980=ORIENTED_EDGE('',*,*,#2621,.T.);
#1981=ORIENTED_EDGE('',*,*,#2622,.F.);
#1982=ORIENTED_EDGE('',*,*,#2623,.F.);
#1983=ORIENTED_EDGE('',*,*,#2624,.T.);
#1984=CARTESIAN_POINT('',(0.5,3.72,0.2));
#1985=DIRECTION('',(-0.0,1.0,0.0));
#1986=DIRECTION('',(1.0,0.0,0.0));
#1987=ORIENTED_EDGE('',*,*,#2625,.T.);
#1988=ORIENTED_EDGE('',*,*,#2626,.F.);
#1989=ORIENTED_EDGE('',*,*,#2627,.F.);
#1990=ORIENTED_EDGE('',*,*,#2622,.T.);
#1991=CARTESIAN_POINT('',(0.5,3.72,0.0500000000000003));
#1992=DIRECTION('',(0.0,0.707106781186547,0.707106781186548));
#1993=DIRECTION('',(1.0,-0.0,0.0));
#1994=ORIENTED_EDGE('',*,*,#2628,.T.);
#1995=ORIENTED_EDGE('',*,*,#2629,.F.);
#1996=ORIENTED_EDGE('',*,*,#2630,.F.);
#1997=ORIENTED_EDGE('',*,*,#2626,.T.);
#1998=CARTESIAN_POINT('',(0.5,3.82,-0.0499999999999997));
#1999=DIRECTION('',(0.0,-1.35525271560689E-16,1.0));
#2000=DIRECTION('',(0.0,-1.0,-1.35525271560689E-16));
#2001=ORIENTED_EDGE('',*,*,#2631,.T.);
#2002=ORIENTED_EDGE('',*,*,#2632,.F.);
#2003=ORIENTED_EDGE('',*,*,#2633,.F.);
#2004=ORIENTED_EDGE('',*,*,#2629,.T.);
#2005=CARTESIAN_POINT('',(0.5,4.02,-0.0499999999999997));
#2006=DIRECTION('',(0.0,-0.707106781186546,0.707106781186549));
#2007=DIRECTION('',(-1.0,0.0,0.0));
#2008=ORIENTED_EDGE('',*,*,#2634,.T.);
#2009=ORIENTED_EDGE('',*,*,#2635,.F.);
#2010=ORIENTED_EDGE('',*,*,#2636,.F.);
#2011=ORIENTED_EDGE('',*,*,#2632,.T.);
#2012=CARTESIAN_POINT('',(0.5,4.1,0.0300000000000003));
#2013=DIRECTION('',(0.0,-1.0,0.0));
#2014=DIRECTION('',(0.0,0.0,-1.0));
#2015=ORIENTED_EDGE('',*,*,#2637,.T.);
#2016=ORIENTED_EDGE('',*,*,#2638,.F.);
#2017=ORIENTED_EDGE('',*,*,#2639,.F.);
#2018=ORIENTED_EDGE('',*,*,#2635,.T.);
#2019=CARTESIAN_POINT('',(0.5,4.1,0.15));
#2020=DIRECTION('',(0.0,-1.01643953670516E-15,-1.0));
#2021=DIRECTION('',(0.0,-1.0,1.01643953670516E-15));
#2022=ORIENTED_EDGE('',*,*,#2640,.T.);
#2023=ORIENTED_EDGE('',*,*,#2606,.T.);
#2024=ORIENTED_EDGE('',*,*,#2613,.T.);
#2025=ORIENTED_EDGE('',*,*,#2641,.T.);
#2026=ORIENTED_EDGE('',*,*,#2623,.T.);
#2027=ORIENTED_EDGE('',*,*,#2627,.T.);
#2028=ORIENTED_EDGE('',*,*,#2630,.T.);
#2029=ORIENTED_EDGE('',*,*,#2633,.T.);
#2030=ORIENTED_EDGE('',*,*,#2636,.T.);
#2031=ORIENTED_EDGE('',*,*,#2639,.T.);
#2032=CARTESIAN_POINT('',(0.5,2.03,0.280000000000001));
#2033=DIRECTION('',(1.0,0.0,0.0));
#2034=DIRECTION('',(0.0,1.0,0.0));
#2035=ORIENTED_EDGE('',*,*,#2608,.F.);
#2036=ORIENTED_EDGE('',*,*,#2642,.F.);
#2037=ORIENTED_EDGE('',*,*,#2637,.F.);
#2038=ORIENTED_EDGE('',*,*,#2634,.F.);
#2039=ORIENTED_EDGE('',*,*,#2631,.F.);
#2040=ORIENTED_EDGE('',*,*,#2628,.F.);
#2041=ORIENTED_EDGE('',*,*,#2625,.F.);
#2042=ORIENTED_EDGE('',*,*,#2621,.F.);
#2043=ORIENTED_EDGE('',*,*,#2643,.F.);
#2044=ORIENTED_EDGE('',*,*,#2617,.F.);
#2045=CARTESIAN_POINT('',(0.3,2.03,0.280000000000001));
#2046=DIRECTION('',(1.0,0.0,0.0));
#2047=DIRECTION('',(0.0,1.0,0.0));
#2048=ORIENTED_EDGE('',*,*,#2618,.F.);
#2049=ORIENTED_EDGE('',*,*,#2643,.T.);
#2050=ORIENTED_EDGE('',*,*,#2624,.F.);
#2051=ORIENTED_EDGE('',*,*,#2641,.F.);
#2052=CARTESIAN_POINT('',(0.5,1.95,0.2));
#2053=DIRECTION('',(0.0,4.59407700205722E-17,1.0));
#2054=DIRECTION('',(0.0,-1.0,4.59407700205722E-17));
#2055=ORIENTED_EDGE('',*,*,#2607,.F.);
#2056=ORIENTED_EDGE('',*,*,#2640,.F.);
#2057=ORIENTED_EDGE('',*,*,#2638,.T.);
#2058=ORIENTED_EDGE('',*,*,#2642,.T.);
#2059=CARTESIAN_POINT('',(0.5,4.02,0.15));
#2060=DIRECTION('',(0.0,-1.0,0.0));
#2061=DIRECTION('',(0.0,0.0,-1.0));
#2062=ORIENTED_EDGE('',*,*,#2644,.T.);
#2063=ORIENTED_EDGE('',*,*,#2645,.F.);
#2064=ORIENTED_EDGE('',*,*,#2646,.F.);
#2065=ORIENTED_EDGE('',*,*,#2647,.T.);
#2066=CARTESIAN_POINT('',(0.5,2.04,1.09196152422707));
#2067=DIRECTION('',(1.0,-0.0,0.0));
#2068=DIRECTION('',(0.0,0.0,1.0));
#2069=ORIENTED_EDGE('',*,*,#2648,.T.);
#2070=ORIENTED_EDGE('',*,*,#2649,.F.);
#2071=ORIENTED_EDGE('',*,*,#2650,.F.);
#2072=ORIENTED_EDGE('',*,*,#2645,.T.);
#2073=CARTESIAN_POINT('',(0.5,1.995,1.01401923788647));
#2074=DIRECTION('',(0.0,0.499999999999998,0.86602540378444));
#2075=DIRECTION('',(1.0,-0.0,0.0));
#2076=ORIENTED_EDGE('',*,*,#2651,.T.);
#2077=ORIENTED_EDGE('',*,*,#2652,.F.);
#2078=ORIENTED_EDGE('',*,*,#2653,.F.);
#2079=ORIENTED_EDGE('',*,*,#2649,.T.);
#2080=CARTESIAN_POINT('',(0.5,2.05392304845413,0.98));
#2081=DIRECTION('',(0.0,0.0,1.0));
#2082=DIRECTION('',(1.0,0.0,0.0));
#2083=ORIENTED_EDGE('',*,*,#2654,.T.);
#2084=ORIENTED_EDGE('',*,*,#2655,.F.);
#2085=ORIENTED_EDGE('',*,*,#2656,.F.);
#2086=ORIENTED_EDGE('',*,*,#2652,.T.);
#2087=CARTESIAN_POINT('',(0.5,2.15000000000004,1.03999999999998));
#2088=DIRECTION('',(1.0,-0.0,0.0));
#2089=DIRECTION('',(0.0,0.0,1.0));
#2090=ORIENTED_EDGE('',*,*,#2657,.T.);
#2091=ORIENTED_EDGE('',*,*,#2658,.F.);
#2092=ORIENTED_EDGE('',*,*,#2659,.F.);
#2093=ORIENTED_EDGE('',*,*,#2655,.T.);
#2094=CARTESIAN_POINT('',(0.5,2.28266499161422,0.97));
#2095=DIRECTION('',(1.0,-0.0,0.0));
#2096=DIRECTION('',(0.0,0.0,1.0));
#2097=ORIENTED_EDGE('',*,*,#2660,.F.);
#2098=ORIENTED_EDGE('',*,*,#2241,.T.);
#2099=ORIENTED_EDGE('',*,*,#2439,.F.);
#2100=ORIENTED_EDGE('',*,*,#2661,.F.);
#2101=ORIENTED_EDGE('',*,*,#2657,.F.);
#2102=ORIENTED_EDGE('',*,*,#2654,.F.);
#2103=ORIENTED_EDGE('',*,*,#2651,.F.);
#2104=ORIENTED_EDGE('',*,*,#2648,.F.);
#2105=ORIENTED_EDGE('',*,*,#2644,.F.);
#2106=CARTESIAN_POINT('',(0.3,2.03,0.280000000000001));
#2107=DIRECTION('',(1.0,0.0,0.0));
#2108=DIRECTION('',(0.0,1.0,0.0));
#2109=ORIENTED_EDGE('',*,*,#2243,.F.);
#2110=ORIENTED_EDGE('',*,*,#2662,.T.);
#2111=ORIENTED_EDGE('',*,*,#2646,.T.);
#2112=ORIENTED_EDGE('',*,*,#2650,.T.);
#2113=ORIENTED_EDGE('',*,*,#2653,.T.);
#2114=ORIENTED_EDGE('',*,*,#2656,.T.);
#2115=ORIENTED_EDGE('',*,*,#2659,.T.);
#2116=ORIENTED_EDGE('',*,*,#2663,.T.);
#2117=ORIENTED_EDGE('',*,*,#2437,.T.);
#2118=CARTESIAN_POINT('',(0.5,2.03,0.280000000000001));
#2119=DIRECTION('',(1.0,0.0,0.0));
#2120=DIRECTION('',(0.0,1.0,0.0));
#2121=ORIENTED_EDGE('',*,*,#2438,.F.);
#2122=ORIENTED_EDGE('',*,*,#2663,.F.);
#2123=ORIENTED_EDGE('',*,*,#2658,.T.);
#2124=ORIENTED_EDGE('',*,*,#2661,.T.);
#2125=CARTESIAN_POINT('',(0.5,2.28162199911082,1.01998912048274));
#2126=DIRECTION('',(0.0,-0.0208598500679779,0.999782409654792));
#2127=DIRECTION('',(-1.0,0.0,0.0));
#2128=ORIENTED_EDGE('',*,*,#2662,.F.);
#2129=ORIENTED_EDGE('',*,*,#2242,.T.);
#2130=ORIENTED_EDGE('',*,*,#2660,.T.);
#2131=ORIENTED_EDGE('',*,*,#2647,.F.);
#2132=CARTESIAN_POINT('',(0.5,1.95,1.33));
#2133=DIRECTION('',(0.0,1.0,-9.1094699624924E-16));
#2134=DIRECTION('',(0.0,-9.1094699624924E-16,-1.0));
#2135=ORIENTED_EDGE('',*,*,#2664,.T.);
#2136=ORIENTED_EDGE('',*,*,#2413,.T.);
#2137=ORIENTED_EDGE('',*,*,#2665,.F.);
#2138=ORIENTED_EDGE('',*,*,#2666,.T.);
#2139=CARTESIAN_POINT('',(0.5,1.95,0.28));
#2140=DIRECTION('',(-0.0,1.0,0.0));
#2141=DIRECTION('',(1.0,0.0,0.0));
#2142=ORIENTED_EDGE('',*,*,#2412,.F.);
#2143=ORIENTED_EDGE('',*,*,#2433,.T.);
#2144=ORIENTED_EDGE('',*,*,#2667,.T.);
#2145=ORIENTED_EDGE('',*,*,#2668,.T.);
#2146=ORIENTED_EDGE('',*,*,#2669,.T.);
#2147=ORIENTED_EDGE('',*,*,#2670,.T.);
#2148=ORIENTED_EDGE('',*,*,#2671,.T.);
#2149=ORIENTED_EDGE('',*,*,#2665,.T.);
#2150=CARTESIAN_POINT('',(0.5,2.03,0.280000000000001));
#2151=DIRECTION('',(1.0,0.0,0.0));
#2152=DIRECTION('',(0.0,1.0,0.0));
#2153=ORIENTED_EDGE('',*,*,#2449,.F.);
#2154=ORIENTED_EDGE('',*,*,#2414,.T.);
#2155=ORIENTED_EDGE('',*,*,#2664,.F.);
#2156=ORIENTED_EDGE('',*,*,#2672,.F.);
#2157=ORIENTED_EDGE('',*,*,#2673,.F.);
#2158=ORIENTED_EDGE('',*,*,#2674,.F.);
#2159=ORIENTED_EDGE('',*,*,#2675,.F.);
#2160=ORIENTED_EDGE('',*,*,#2676,.F.);
#2161=CARTESIAN_POINT('',(0.3,2.03,0.280000000000001));
#2162=DIRECTION('',(1.0,0.0,0.0));
#2163=DIRECTION('',(0.0,1.0,0.0));
#2164=ORIENTED_EDGE('',*,*,#2672,.T.);
#2165=ORIENTED_EDGE('',*,*,#2666,.F.);
#2166=ORIENTED_EDGE('',*,*,#2671,.F.);
#2167=ORIENTED_EDGE('',*,*,#2677,.T.);
#2168=CARTESIAN_POINT('',(0.5,2.03,0.280000000000001));
#2169=DIRECTION('',(1.0,-0.0,0.0));
#2170=DIRECTION('',(0.0,0.0,1.0));
#2171=ORIENTED_EDGE('',*,*,#2450,.F.);
#2172=ORIENTED_EDGE('',*,*,#2676,.T.);
#2173=ORIENTED_EDGE('',*,*,#2678,.F.);
#2174=ORIENTED_EDGE('',*,*,#2667,.F.);
#2175=CARTESIAN_POINT('',(0.5,3.72,0.4));
#2176=DIRECTION('',(0.0,2.35696124453371E-16,-1.0));
#2177=DIRECTION('',(-1.0,0.0,0.0));
#2178=ORIENTED_EDGE('',*,*,#2675,.T.);
#2179=ORIENTED_EDGE('',*,*,#2679,.F.);
#2180=ORIENTED_EDGE('',*,*,#2668,.F.);
#2181=ORIENTED_EDGE('',*,*,#2678,.T.);
#2182=CARTESIAN_POINT('',(0.5,2.34,0.4));
#2183=DIRECTION('',(0.0,-0.707106781186546,-0.707106781186549));
#2184=DIRECTION('',(0.0,-0.707106781186549,0.707106781186546));
#2185=ORIENTED_EDGE('',*,*,#2674,.T.);
#2186=ORIENTED_EDGE('',*,*,#2680,.F.);
#2187=ORIENTED_EDGE('',*,*,#2669,.F.);
#2188=ORIENTED_EDGE('',*,*,#2679,.T.);
#2189=CARTESIAN_POINT('',(0.5,2.3,0.44));
#2190=DIRECTION('',(0.0,0.0,-1.0));
#2191=DIRECTION('',(0.0,-1.0,0.0));
#2192=ORIENTED_EDGE('',*,*,#2673,.T.);
#2193=ORIENTED_EDGE('',*,*,#2677,.F.);
#2194=ORIENTED_EDGE('',*,*,#2670,.F.);
#2195=ORIENTED_EDGE('',*,*,#2680,.T.);
#2196=CARTESIAN_POINT('',(0.5,2.1,0.44));
#2197=DIRECTION('',(0.0,0.630776377508719,-0.775964665160069));
#2198=DIRECTION('',(-1.0,0.0,0.0));
#2199=ORIENTED_EDGE('',*,*,#2246,.F.);
#2200=ORIENTED_EDGE('',*,*,#2231,.T.);
#2201=ORIENTED_EDGE('',*,*,#2681,.F.);
#2202=ORIENTED_EDGE('',*,*,#2682,.F.);
#2203=ORIENTED_EDGE('',*,*,#2683,.F.);
#2204=ORIENTED_EDGE('',*,*,#2354,.F.);
#2205=CARTESIAN_POINT('',(0.285,0.0,0.0));
#2206=DIRECTION('',(1.0,0.0,0.0));
#2207=DIRECTION('',(0.0,1.0,0.0));
#2208=ORIENTED_EDGE('',*,*,#2681,.T.);
#2209=ORIENTED_EDGE('',*,*,#2230,.T.);
#2210=ORIENTED_EDGE('',*,*,#2454,.F.);
#2211=ORIENTED_EDGE('',*,*,#2684,.T.);
#2212=CARTESIAN_POINT('',(0.515,1.85,1.1));
#2213=DIRECTION('',(0.0,-1.0,1.23908819712629E-15));
#2214=DIRECTION('',(-1.0,0.0,0.0));
#2215=ORIENTED_EDGE('',*,*,#2683,.T.);
#2216=ORIENTED_EDGE('',*,*,#2685,.F.);
#2217=ORIENTED_EDGE('',*,*,#2452,.F.);
#2218=ORIENTED_EDGE('',*,*,#2355,.T.);
#2219=CARTESIAN_POINT('',(0.515,1.6,1.18));
#2220=DIRECTION('',(0.0,0.470588235294119,0.88235294117647));
#2221=DIRECTION('',(1.0,-0.0,0.0));
#2222=ORIENTED_EDGE('',*,*,#2682,.T.);
#2223=ORIENTED_EDGE('',*,*,#2684,.F.);
#2224=ORIENTED_EDGE('',*,*,#2453,.F.);
#2225=ORIENTED_EDGE('',*,*,#2685,.T.);
#2226=CARTESIAN_POINT('',(0.515,1.75,1.1));
#2227=DIRECTION('',(0.0,0.0,1.0));
#2228=DIRECTION('',(1.0,0.0,0.0));
#2229=COLOUR_RGB('',0.596063196659088,0.666666686534882,0.686259269714355);
#2230=EDGE_CURVE('',#2686,#2687,#2688,.T.);
#2231=EDGE_CURVE('',#2689,#2686,#2690,.T.);
#2232=EDGE_CURVE('',#2689,#2691,#2692,.T.);
#2233=EDGE_CURVE('',#2691,#2693,#2694,.T.);
#2234=EDGE_CURVE('',#2695,#2693,#2696,.T.);
#2235=EDGE_CURVE('',#2697,#2695,#2698,.T.);
#2236=EDGE_CURVE('',#2697,#2699,#2700,.T.);
#2237=EDGE_CURVE('',#2701,#2699,#2702,.T.);
#2238=EDGE_CURVE('',#2703,#2701,#2704,.T.);
#2239=EDGE_CURVE('',#2703,#2705,#2706,.T.);
#2240=EDGE_CURVE('',#2705,#2707,#2708,.T.);
#2241=EDGE_CURVE('',#2709,#2707,#2710,.T.);
#2242=EDGE_CURVE('',#2711,#2709,#2712,.T.);
#2243=EDGE_CURVE('',#2711,#2713,#2714,.T.);
#2244=EDGE_CURVE('',#2713,#2715,#2716,.T.);
#2245=EDGE_CURVE('',#2715,#2687,#2717,.T.);
#2246=EDGE_CURVE('',#2689,#2718,#2719,.T.);
#2247=EDGE_CURVE('',#2720,#2718,#2721,.T.);
#2248=EDGE_CURVE('',#2691,#2720,#2722,.T.);
#2249=EDGE_CURVE('',#2723,#2724,#2725,.T.);
#2250=EDGE_CURVE('',#2723,#2726,#2727,.T.);
#2251=EDGE_CURVE('',#2728,#2726,#2729,.T.);
#2252=EDGE_CURVE('',#2730,#2728,#2731,.T.);
#2253=EDGE_CURVE('',#2732,#2730,#2733,.T.);
#2254=EDGE_CURVE('',#2734,#2732,#2735,.T.);
#2255=EDGE_CURVE('',#2736,#2734,#2737,.T.);
#2256=EDGE_CURVE('',#2738,#2736,#2739,.T.);
#2257=EDGE_CURVE('',#2738,#2740,#2741,.T.);
#2258=EDGE_CURVE('',#2740,#2724,#2742,.T.);
#2259=EDGE_CURVE('',#2743,#2744,#2745,.T.);
#2260=EDGE_CURVE('',#2743,#2746,#2747,.T.);
#2261=EDGE_CURVE('',#2746,#2748,#2749,.T.);
#2262=EDGE_CURVE('',#2748,#2744,#2750,.T.);
#2263=EDGE_CURVE('',#2751,#2746,#2752,.T.);
#2264=EDGE_CURVE('',#2751,#2753,#2754,.T.);
#2265=EDGE_CURVE('',#2753,#2748,#2755,.T.);
#2266=EDGE_CURVE('',#2734,#2751,#2756,.T.);
#2267=EDGE_CURVE('',#2753,#2732,#2757,.T.);
#2268=EDGE_CURVE('',#2758,#2759,#2760,.T.);
#2269=EDGE_CURVE('',#2761,#2758,#2762,.T.);
#2270=EDGE_CURVE('',#2761,#2763,#2764,.T.);
#2271=EDGE_CURVE('',#2765,#2763,#2766,.T.);
#2272=EDGE_CURVE('',#2767,#2765,#2768,.T.);
#2273=EDGE_CURVE('',#2767,#2769,#2770,.T.);
#2274=EDGE_CURVE('',#2771,#2769,#2772,.T.);
#2275=EDGE_CURVE('',#2773,#2771,#2774,.T.);
#2276=EDGE_CURVE('',#2775,#2773,#2776,.T.);
#2277=EDGE_CURVE('',#2759,#2775,#2777,.T.);
#2278=EDGE_CURVE('',#2778,#2767,#2779,.T.);
#2279=EDGE_CURVE('',#2778,#2780,#2781,.T.);
#2280=EDGE_CURVE('',#2769,#2780,#2782,.T.);
#2281=EDGE_CURVE('',#2743,#2778,#2783,.T.);
#2282=EDGE_CURVE('',#2780,#2744,#2784,.T.);
#2283=EDGE_CURVE('',#2775,#2726,#2785,.T.);
#2284=EDGE_CURVE('',#2728,#2773,#2786,.T.);
#2285=EDGE_CURVE('',#2787,#2788,#2789,.T.);
#2286=EDGE_CURVE('',#2788,#2790,#2791,.T.);
#2287=EDGE_CURVE('',#2790,#2792,#2793,.T.);
#2288=EDGE_CURVE('',#2792,#2794,#2795,.T.);
#2289=EDGE_CURVE('',#2794,#2796,#2797,.T.);
#2290=EDGE_CURVE('',#2798,#2796,#2799,.T.);
#2291=EDGE_CURVE('',#2800,#2798,#2801,.T.);
#2292=EDGE_CURVE('',#2800,#2802,#2803,.T.);
#2293=EDGE_CURVE('',#2802,#2804,#2805,.T.);
#2294=EDGE_CURVE('',#2804,#2787,#2806,.T.);
#2295=EDGE_CURVE('',#2807,#2808,#2809,.T.);
#2296=EDGE_CURVE('',#2807,#2810,#2811,.T.);
#2297=EDGE_CURVE('',#2812,#2810,#2813,.T.);
#2298=EDGE_CURVE('',#2814,#2812,#2815,.T.);
#2299=EDGE_CURVE('',#2814,#2816,#2817,.T.);
#2300=EDGE_CURVE('',#2816,#2818,#2819,.T.);
#2301=EDGE_CURVE('',#2818,#2820,#2821,.T.);
#2302=EDGE_CURVE('',#2820,#2822,#2823,.T.);
#2303=EDGE_CURVE('',#2822,#2824,#2825,.T.);
#2304=EDGE_CURVE('',#2824,#2808,#2826,.T.);
#2305=EDGE_CURVE('',#2810,#2827,#2828,.T.);
#2306=EDGE_CURVE('',#2829,#2827,#2830,.T.);
#2307=EDGE_CURVE('',#2812,#2829,#2831,.T.);
#2308=EDGE_CURVE('',#2827,#2832,#2833,.T.);
#2309=EDGE_CURVE('',#2834,#2832,#2835,.T.);
#2310=EDGE_CURVE('',#2829,#2834,#2836,.T.);
#2311=EDGE_CURVE('',#2837,#2838,#2839,.T.);
#2312=EDGE_CURVE('',#2837,#2840,#2841,.T.);
#2313=EDGE_CURVE('',#2842,#2840,#2843,.T.);
#2314=EDGE_CURVE('',#2838,#2842,#2844,.T.);
#2315=EDGE_CURVE('',#2845,#2846,#2847,.T.);
#2316=EDGE_CURVE('',#2845,#2838,#2848,.T.);
#2317=EDGE_CURVE('',#2846,#2842,#2849,.T.);
#2318=EDGE_CURVE('',#2850,#2851,#2852,.T.);
#2319=EDGE_CURVE('',#2850,#2808,#2853,.T.);
#2320=EDGE_CURVE('',#2824,#2851,#2854,.T.);
#2321=EDGE_CURVE('',#2855,#2856,#2857,.T.);
#2322=EDGE_CURVE('',#2858,#2856,#2859,.T.);
#2323=EDGE_CURVE('',#2858,#2860,#2861,.T.);
#2324=EDGE_CURVE('',#2860,#2862,#2863,.T.);
#2325=EDGE_CURVE('',#2862,#2864,#2865,.T.);
#2326=EDGE_CURVE('',#2866,#2864,#2867,.T.);
#2327=EDGE_CURVE('',#2866,#2868,#2869,.T.);
#2328=EDGE_CURVE('',#2868,#2870,#2871,.T.);
#2329=EDGE_CURVE('',#2870,#2872,#2873,.T.);
#2330=EDGE_CURVE('',#2872,#2855,#2874,.T.);
#2331=EDGE_CURVE('',#2875,#2876,#2877,.T.);
#2332=EDGE_CURVE('',#2876,#2878,#2879,.T.);
#2333=EDGE_CURVE('',#2878,#2880,#2881,.T.);
#2334=EDGE_CURVE('',#2882,#2880,#2883,.T.);
#2335=EDGE_CURVE('',#2882,#2884,#2885,.T.);
#2336=EDGE_CURVE('',#2884,#2886,#2887,.T.);
#2337=EDGE_CURVE('',#2886,#2888,#2889,.T.);
#2338=EDGE_CURVE('',#2890,#2888,#2891,.T.);
#2339=EDGE_CURVE('',#2890,#2892,#2893,.T.);
#2340=EDGE_CURVE('',#2894,#2892,#2895,.T.);
#2341=EDGE_CURVE('',#2896,#2894,#2897,.T.);
#2342=EDGE_CURVE('',#2896,#2875,#2898,.T.);
#2343=EDGE_CURVE('',#2899,#2900,#2901,.T.);
#2344=EDGE_CURVE('',#2899,#2876,#2902,.T.);
#2345=EDGE_CURVE('',#2796,#2875,#2903,.T.);
#2346=EDGE_CURVE('',#2794,#2904,#2905,.T.);
#2347=EDGE_CURVE('',#2906,#2904,#2907,.T.);
#2348=EDGE_CURVE('',#2870,#2906,#2908,.T.);
#2349=EDGE_CURVE('',#2892,#2868,#2909,.T.);
#2350=EDGE_CURVE('',#2910,#2890,#2911,.T.);
#2351=EDGE_CURVE('',#2912,#2910,#2913,.T.);
#2352=EDGE_CURVE('',#2912,#2884,#2914,.T.);
#2353=EDGE_CURVE('',#2900,#2882,#2915,.T.);
#2354=EDGE_CURVE('',#2718,#2916,#2917,.T.);
#2355=EDGE_CURVE('',#2918,#2916,#2919,.T.);
#2356=EDGE_CURVE('',#2920,#2918,#2921,.T.);
#2357=EDGE_CURVE('',#2922,#2920,#2923,.T.);
#2358=EDGE_CURVE('',#2924,#2922,#2925,.T.);
#2359=EDGE_CURVE('',#2926,#2924,#2927,.T.);
#2360=EDGE_CURVE('',#2928,#2926,#2929,.T.);
#2361=EDGE_CURVE('',#2930,#2928,#2931,.T.);
#2362=EDGE_CURVE('',#2932,#2930,#2933,.T.);
#2363=EDGE_CURVE('',#2932,#2934,#2935,.T.);
#2364=EDGE_CURVE('',#2936,#2934,#2937,.T.);
#2365=EDGE_CURVE('',#2938,#2936,#2939,.T.);
#2366=EDGE_CURVE('',#2940,#2938,#2941,.T.);
#2367=EDGE_CURVE('',#2942,#2940,#2943,.T.);
#2368=EDGE_CURVE('',#2944,#2942,#2945,.T.);
#2369=EDGE_CURVE('',#2946,#2944,#2947,.T.);
#2370=EDGE_CURVE('',#2946,#2948,#2949,.T.);
#2371=EDGE_CURVE('',#2950,#2948,#2951,.T.);
#2372=EDGE_CURVE('',#2950,#2720,#2952,.T.);
#2373=EDGE_CURVE('',#2953,#2954,#2955,.T.);
#2374=EDGE_CURVE('',#2953,#2956,#2957,.T.);
#2375=EDGE_CURVE('',#2958,#2956,#2959,.T.);
#2376=EDGE_CURVE('',#2960,#2958,#2961,.T.);
#2377=EDGE_CURVE('',#2962,#2960,#2963,.T.);
#2378=EDGE_CURVE('',#2964,#2962,#2965,.T.);
#2379=EDGE_CURVE('',#2964,#2966,#2967,.T.);
#2380=EDGE_CURVE('',#2968,#2966,#2969,.T.);
#2381=EDGE_CURVE('',#2970,#2968,#2971,.T.);
#2382=EDGE_CURVE('',#2906,#2970,#2972,.T.);
#2383=EDGE_CURVE('',#2973,#2904,#2974,.T.);
#2384=EDGE_CURVE('',#2975,#2973,#2976,.T.);
#2385=EDGE_CURVE('',#2977,#2975,#2978,.T.);
#2386=EDGE_CURVE('',#2979,#2977,#2980,.T.);
#2387=EDGE_CURVE('',#2981,#2979,#2982,.T.);
#2388=EDGE_CURVE('',#2983,#2981,#2984,.T.);
#2389=EDGE_CURVE('',#2985,#2983,#2986,.T.);
#2390=EDGE_CURVE('',#2987,#2985,#2988,.T.);
#2391=EDGE_CURVE('',#2954,#2987,#2989,.T.);
#2392=EDGE_CURVE('',#2856,#2966,#2990,.T.);
#2393=EDGE_CURVE('',#2858,#2964,#2991,.T.);
#2394=EDGE_CURVE('',#2788,#2977,#2992,.T.);
#2395=EDGE_CURVE('',#2787,#2979,#2993,.T.);
#2396=EDGE_CURVE('',#2894,#2866,#2994,.T.);
#2397=EDGE_CURVE('',#2798,#2896,#2995,.T.);
#2398=EDGE_CURVE('',#2996,#2956,#2997,.T.);
#2399=EDGE_CURVE('',#2998,#2996,#2999,.T.);
#2400=EDGE_CURVE('',#2987,#2998,#3000,.T.);
#2401=EDGE_CURVE('',#2800,#2985,#3001,.T.);
#2402=EDGE_CURVE('',#2864,#2958,#3002,.T.);
#2403=EDGE_CURVE('',#2938,#3003,#3004,.T.);
#2404=EDGE_CURVE('',#3003,#3005,#3006,.T.);
#2405=EDGE_CURVE('',#2940,#3005,#3007,.T.);
#2406=EDGE_CURVE('',#2936,#3008,#3009,.T.);
#2407=EDGE_CURVE('',#3008,#3003,#3010,.T.);
#2408=EDGE_CURVE('',#2934,#3011,#3012,.T.);
#2409=EDGE_CURVE('',#3011,#3013,#3014,.T.);
#2410=EDGE_CURVE('',#3013,#3008,#3015,.T.);
#2411=EDGE_CURVE('',#3016,#3017,#3018,.T.);
#2412=EDGE_CURVE('',#3017,#3019,#3020,.T.);
#2413=EDGE_CURVE('',#3021,#3019,#3022,.T.);
#2414=EDGE_CURVE('',#3023,#3021,#3024,.T.);
#2415=EDGE_CURVE('',#3023,#3025,#3026,.T.);
#2416=EDGE_CURVE('',#3025,#3027,#3028,.T.);
#2417=EDGE_CURVE('',#3029,#3027,#3030,.T.);
#2418=EDGE_CURVE('',#3031,#3029,#3032,.T.);
#2419=EDGE_CURVE('',#3031,#3013,#3033,.T.);
#2420=EDGE_CURVE('',#3011,#3034,#3035,.T.);
#2421=EDGE_CURVE('',#3034,#3016,#3036,.T.);
#2422=EDGE_CURVE('',#2930,#3037,#3038,.T.);
#2423=EDGE_CURVE('',#3037,#3016,#3039,.T.);
#2424=EDGE_CURVE('',#3034,#2932,#3040,.T.);
#2425=EDGE_CURVE('',#2928,#3041,#3042,.T.);
#2426=EDGE_CURVE('',#3041,#3037,#3043,.T.);
#2427=EDGE_CURVE('',#2926,#3044,#3045,.T.);
#2428=EDGE_CURVE('',#3044,#3041,#3046,.T.);
#2429=EDGE_CURVE('',#2924,#3047,#3048,.T.);
#2430=EDGE_CURVE('',#3047,#3044,#3049,.T.);
#2431=EDGE_CURVE('',#3005,#3050,#3051,.T.);
#2432=EDGE_CURVE('',#2942,#3050,#3052,.T.);
#2433=EDGE_CURVE('',#3017,#3053,#3054,.T.);
#2434=EDGE_CURVE('',#3055,#3047,#3056,.T.);
#2435=EDGE_CURVE('',#3057,#3055,#3058,.T.);
#2436=EDGE_CURVE('',#2715,#3057,#3059,.T.);
#2437=EDGE_CURVE('',#3060,#2713,#3061,.T.);
#2438=EDGE_CURVE('',#3060,#3062,#3063,.T.);
#2439=EDGE_CURVE('',#3062,#2707,#3064,.T.);
#2440=EDGE_CURVE('',#3065,#2705,#3066,.T.);
#2441=EDGE_CURVE('',#3065,#3067,#3068,.T.);
#2442=EDGE_CURVE('',#3067,#2699,#3069,.T.);
#2443=EDGE_CURVE('',#3070,#2697,#3071,.T.);
#2444=EDGE_CURVE('',#3072,#3070,#3073,.T.);
#2445=EDGE_CURVE('',#3050,#3072,#3074,.T.);
#2446=EDGE_CURVE('',#3031,#3075,#3076,.T.);
#2447=EDGE_CURVE('',#3075,#3077,#3078,.T.);
#2448=EDGE_CURVE('',#3025,#3077,#3079,.T.);
#2449=EDGE_CURVE('',#3023,#3080,#3081,.T.);
#2450=EDGE_CURVE('',#3080,#3053,#3082,.T.);
#2451=EDGE_CURVE('',#3057,#2920,#3083,.T.);
#2452=EDGE_CURVE('',#2918,#3084,#3085,.T.);
#2453=EDGE_CURVE('',#3084,#3086,#3087,.T.);
#2454=EDGE_CURVE('',#3086,#2687,#3088,.T.);
#2455=EDGE_CURVE('',#2922,#3055,#3089,.T.);
#2456=EDGE_CURVE('',#3090,#2695,#3091,.T.);
#2457=EDGE_CURVE('',#3092,#3090,#3093,.T.);
#2458=EDGE_CURVE('',#2948,#3092,#3094,.T.);
#2459=EDGE_CURVE('',#2946,#3070,#3095,.T.);
#2460=EDGE_CURVE('',#2944,#3072,#3096,.T.);
#2461=EDGE_CURVE('',#2970,#2872,#3097,.T.);
#2462=EDGE_CURVE('',#2968,#2855,#3098,.T.);
#2463=EDGE_CURVE('',#2975,#2790,#3099,.T.);
#2464=EDGE_CURVE('',#2973,#2792,#3100,.T.);
#2465=EDGE_CURVE('',#2962,#2860,#3101,.T.);
#2466=EDGE_CURVE('',#2960,#2862,#3102,.T.);
#2467=EDGE_CURVE('',#2981,#2804,#3103,.T.);
#2468=EDGE_CURVE('',#2983,#2802,#3104,.T.);
#2469=EDGE_CURVE('',#2953,#3105,#3106,.T.);
#2470=EDGE_CURVE('',#2996,#3105,#3107,.T.);
#2471=EDGE_CURVE('',#2998,#3108,#3109,.T.);
#2472=EDGE_CURVE('',#3108,#2954,#3110,.T.);
#2473=EDGE_CURVE('',#3105,#3108,#3111,.T.);
#2474=EDGE_CURVE('',#2910,#3112,#3113,.T.);
#2475=EDGE_CURVE('',#3112,#3114,#3115,.T.);
#2476=EDGE_CURVE('',#2912,#3114,#3116,.T.);
#2477=EDGE_CURVE('',#3117,#3118,#3119,.T.);
#2478=EDGE_CURVE('',#3117,#3120,#3121,.T.);
#2479=EDGE_CURVE('',#3120,#3122,#3123,.T.);
#2480=EDGE_CURVE('',#3124,#3122,#3125,.T.);
#2481=EDGE_CURVE('',#3124,#2888,#3126,.T.);
#2482=EDGE_CURVE('',#3127,#2886,#3128,.T.);
#2483=EDGE_CURVE('',#3118,#3127,#3129,.T.);
#2484=EDGE_CURVE('',#3118,#3130,#3131,.T.);
#2485=EDGE_CURVE('',#3132,#3127,#3133,.T.);
#2486=EDGE_CURVE('',#3134,#3132,#3135,.T.);
#2487=EDGE_CURVE('',#3134,#3124,#3136,.T.);
#2488=EDGE_CURVE('',#3122,#3137,#3138,.T.);
#2489=EDGE_CURVE('',#3137,#3130,#3139,.T.);
#2490=EDGE_CURVE('',#3112,#3134,#3140,.T.);
#2491=EDGE_CURVE('',#3114,#3132,#3141,.T.);
#2492=EDGE_CURVE('',#3142,#3143,#3144,.T.);
#2493=EDGE_CURVE('',#3145,#3143,#3146,.T.);
#2494=EDGE_CURVE('',#3147,#3145,#3148,.T.);
#2495=EDGE_CURVE('',#3147,#3142,#3149,.T.);
#2496=EDGE_CURVE('',#3143,#3150,#3151,.T.);
#2497=EDGE_CURVE('',#3152,#3150,#3153,.T.);
#2498=EDGE_CURVE('',#3145,#3152,#3154,.T.);
#2499=EDGE_CURVE('',#3150,#3155,#3156,.T.);
#2500=EDGE_CURVE('',#3157,#3155,#3158,.T.);
#2501=EDGE_CURVE('',#3152,#3157,#3159,.T.);
#2502=EDGE_CURVE('',#3155,#3160,#3161,.T.);
#2503=EDGE_CURVE('',#3162,#3160,#3163,.T.);
#2504=EDGE_CURVE('',#3157,#3162,#3164,.T.);
#2505=EDGE_CURVE('',#3160,#3165,#3166,.T.);
#2506=EDGE_CURVE('',#3167,#3165,#3168,.T.);
#2507=EDGE_CURVE('',#3162,#3167,#3169,.T.);
#2508=EDGE_CURVE('',#3165,#3170,#3171,.T.);
#2509=EDGE_CURVE('',#3172,#3170,#3173,.T.);
#2510=EDGE_CURVE('',#3167,#3172,#3174,.T.);
#2511=EDGE_CURVE('',#3172,#3117,#3175,.T.);
#2512=EDGE_CURVE('',#3130,#3147,#3176,.T.);
#2513=EDGE_CURVE('',#3170,#3120,#3177,.T.);
#2514=EDGE_CURVE('',#3137,#3142,#3178,.T.);
#2515=EDGE_CURVE('',#3179,#3180,#3181,.T.);
#2516=EDGE_CURVE('',#3182,#3180,#3183,.T.);
#2517=EDGE_CURVE('',#3184,#3182,#3185,.T.);
#2518=EDGE_CURVE('',#3184,#3179,#3186,.T.);
#2519=EDGE_CURVE('',#3180,#3187,#3188,.T.);
#2520=EDGE_CURVE('',#3189,#3187,#3190,.T.);
#2521=EDGE_CURVE('',#3182,#3189,#3191,.T.);
#2522=EDGE_CURVE('',#3187,#3192,#3193,.T.);
#2523=EDGE_CURVE('',#3194,#3192,#3195,.T.);
#2524=EDGE_CURVE('',#3189,#3194,#3196,.T.);
#2525=EDGE_CURVE('',#3192,#3197,#3198,.T.);
#2526=EDGE_CURVE('',#3199,#3197,#3200,.T.);
#2527=EDGE_CURVE('',#3194,#3199,#3201,.T.);
#2528=EDGE_CURVE('',#3197,#3202,#3203,.T.);
#2529=EDGE_CURVE('',#3204,#3202,#3205,.T.);
#2530=EDGE_CURVE('',#3199,#3204,#3206,.T.);
#2531=EDGE_CURVE('',#2701,#3179,#3207,.T.);
#2532=EDGE_CURVE('',#3202,#3067,#3208,.T.);
#2533=EDGE_CURVE('',#2703,#3184,#3209,.T.);
#2534=EDGE_CURVE('',#3204,#3065,#3210,.T.);
#2535=EDGE_CURVE('',#3211,#3029,#3212,.T.);
#2536=EDGE_CURVE('',#3213,#3027,#3214,.T.);
#2537=EDGE_CURVE('',#3213,#3211,#3215,.T.);
#2538=EDGE_CURVE('',#3077,#3216,#3217,.T.);
#2539=EDGE_CURVE('',#3216,#3218,#3219,.T.);
#2540=EDGE_CURVE('',#3218,#3220,#3221,.T.);
#2541=EDGE_CURVE('',#3220,#3222,#3223,.T.);
#2542=EDGE_CURVE('',#3222,#3213,#3224,.T.);
#2543=EDGE_CURVE('',#3225,#3211,#3226,.T.);
#2544=EDGE_CURVE('',#3227,#3225,#3228,.T.);
#2545=EDGE_CURVE('',#3229,#3227,#3230,.T.);
#2546=EDGE_CURVE('',#3231,#3229,#3232,.T.);
#2547=EDGE_CURVE('',#3075,#3231,#3233,.T.);
#2548=EDGE_CURVE('',#3222,#3225,#3234,.T.);
#2549=EDGE_CURVE('',#3216,#3231,#3235,.T.);
#2550=EDGE_CURVE('',#3218,#3229,#3236,.T.);
#2551=EDGE_CURVE('',#3220,#3227,#3237,.T.);
#2552=EDGE_CURVE('',#2818,#2845,#3238,.T.);
#2553=EDGE_CURVE('',#2846,#2820,#3239,.T.);
#2554=EDGE_CURVE('',#2832,#3240,#3241,.T.);
#2555=EDGE_CURVE('',#3242,#3240,#3243,.T.);
#2556=EDGE_CURVE('',#2834,#3242,#3244,.T.);
#2557=EDGE_CURVE('',#3240,#3245,#3246,.T.);
#2558=EDGE_CURVE('',#3247,#3245,#3248,.T.);
#2559=EDGE_CURVE('',#3242,#3247,#3249,.T.);
#2560=EDGE_CURVE('',#3245,#3250,#3251,.T.);
#2561=EDGE_CURVE('',#3252,#3250,#3253,.T.);
#2562=EDGE_CURVE('',#3252,#3247,#3254,.T.);
#2563=EDGE_CURVE('',#3250,#3255,#3256,.T.);
#2564=EDGE_CURVE('',#3255,#2850,#3257,.T.);
#2565=EDGE_CURVE('',#2851,#3258,#3259,.T.);
#2566=EDGE_CURVE('',#3258,#3260,#3261,.T.);
#2567=EDGE_CURVE('',#3262,#3260,#3263,.T.);
#2568=EDGE_CURVE('',#3262,#3264,#3265,.T.);
#2569=EDGE_CURVE('',#3264,#3266,#3267,.T.);
#2570=EDGE_CURVE('',#3252,#3266,#3268,.T.);
#2571=EDGE_CURVE('',#3269,#3270,#3271,.T.);
#2572=EDGE_CURVE('',#3269,#3262,#3272,.T.);
#2573=EDGE_CURVE('',#3260,#3270,#3273,.T.);
#2574=EDGE_CURVE('',#2837,#3269,#3274,.T.);
#2575=EDGE_CURVE('',#3270,#2840,#3275,.T.);
#2576=EDGE_CURVE('',#2814,#3266,#3276,.T.);
#2577=EDGE_CURVE('',#3258,#2822,#3277,.T.);
#2578=EDGE_CURVE('',#3264,#2816,#3278,.T.);
#2579=EDGE_CURVE('',#2807,#3255,#3279,.T.);
#2580=EDGE_CURVE('',#2724,#3280,#3281,.T.);
#2581=EDGE_CURVE('',#2740,#3282,#3283,.T.);
#2582=EDGE_CURVE('',#3282,#3280,#3284,.T.);
#2583=EDGE_CURVE('',#3280,#3285,#3286,.T.);
#2584=EDGE_CURVE('',#3282,#3287,#3288,.T.);
#2585=EDGE_CURVE('',#3287,#3285,#3289,.T.);
#2586=EDGE_CURVE('',#3285,#3290,#3291,.T.);
#2587=EDGE_CURVE('',#3287,#3292,#3293,.T.);
#2588=EDGE_CURVE('',#3292,#3290,#3294,.T.);
#2589=EDGE_CURVE('',#3290,#3295,#3296,.T.);
#2590=EDGE_CURVE('',#3292,#3297,#3298,.T.);
#2591=EDGE_CURVE('',#3297,#3295,#3299,.T.);
#2592=EDGE_CURVE('',#3295,#2758,#3300,.T.);
#2593=EDGE_CURVE('',#2761,#3297,#3301,.T.);
#2594=EDGE_CURVE('',#2738,#2763,#3302,.T.);
#2595=EDGE_CURVE('',#2771,#2730,#3303,.T.);
#2596=EDGE_CURVE('',#2765,#2736,#3304,.T.);
#2597=EDGE_CURVE('',#2723,#2759,#3305,.T.);
#2598=EDGE_CURVE('',#3306,#2693,#3307,.T.);
#2599=EDGE_CURVE('',#3306,#3090,#3308,.T.);
#2600=EDGE_CURVE('',#2950,#3309,#3310,.T.);
#2601=EDGE_CURVE('',#3309,#3306,#3311,.T.);
#2602=EDGE_CURVE('',#3309,#3092,#3312,.T.);
#2603=EDGE_CURVE('',#3313,#2900,#3314,.T.);
#2604=EDGE_CURVE('',#3315,#3313,#3316,.T.);
#2605=EDGE_CURVE('',#3315,#2899,#3317,.T.);
#2606=EDGE_CURVE('',#3318,#3319,#3320,.T.);
#2607=EDGE_CURVE('',#3318,#3321,#3322,.T.);
#2608=EDGE_CURVE('',#3321,#3323,#3324,.T.);
#2609=EDGE_CURVE('',#3323,#3325,#3326,.T.);
#2610=EDGE_CURVE('',#2880,#3325,#3327,.T.);
#2611=EDGE_CURVE('',#2878,#3328,#3329,.T.);
#2612=EDGE_CURVE('',#3328,#3319,#3330,.T.);
#2613=EDGE_CURVE('',#3319,#3331,#3332,.T.);
#2614=EDGE_CURVE('',#3328,#3333,#3334,.T.);
#2615=EDGE_CURVE('',#3333,#3335,#3336,.T.);
#2616=EDGE_CURVE('',#3325,#3335,#3337,.T.);
#2617=EDGE_CURVE('',#3323,#3338,#3339,.T.);
#2618=EDGE_CURVE('',#3338,#3331,#3340,.T.);
#2619=EDGE_CURVE('',#3335,#3313,#3341,.T.);
#2620=EDGE_CURVE('',#3333,#3315,#3342,.T.);
#2621=EDGE_CURVE('',#3343,#3344,#3345,.T.);
#2622=EDGE_CURVE('',#3346,#3344,#3347,.T.);
#2623=EDGE_CURVE('',#3348,#3346,#3349,.T.);
#2624=EDGE_CURVE('',#3348,#3343,#3350,.T.);
#2625=EDGE_CURVE('',#3344,#3351,#3352,.T.);
#2626=EDGE_CURVE('',#3353,#3351,#3354,.T.);
#2627=EDGE_CURVE('',#3346,#3353,#3355,.T.);
#2628=EDGE_CURVE('',#3351,#3356,#3357,.T.);
#2629=EDGE_CURVE('',#3358,#3356,#3359,.T.);
#2630=EDGE_CURVE('',#3353,#3358,#3360,.T.);
#2631=EDGE_CURVE('',#3356,#3361,#3362,.T.);
#2632=EDGE_CURVE('',#3363,#3361,#3364,.T.);
#2633=EDGE_CURVE('',#3358,#3363,#3365,.T.);
#2634=EDGE_CURVE('',#3361,#3366,#3367,.T.);
#2635=EDGE_CURVE('',#3368,#3366,#3369,.T.);
#2636=EDGE_CURVE('',#3363,#3368,#3370,.T.);
#2637=EDGE_CURVE('',#3366,#3371,#3372,.T.);
#2638=EDGE_CURVE('',#3373,#3371,#3374,.T.);
#2639=EDGE_CURVE('',#3368,#3373,#3375,.T.);
#2640=EDGE_CURVE('',#3373,#3318,#3376,.T.);
#2641=EDGE_CURVE('',#3331,#3348,#3377,.T.);
#2642=EDGE_CURVE('',#3371,#3321,#3378,.T.);
#2643=EDGE_CURVE('',#3338,#3343,#3379,.T.);
#2644=EDGE_CURVE('',#3380,#3381,#3382,.T.);
#2645=EDGE_CURVE('',#3383,#3381,#3384,.T.);
#2646=EDGE_CURVE('',#3385,#3383,#3386,.T.);
#2647=EDGE_CURVE('',#3385,#3380,#3387,.T.);
#2648=EDGE_CURVE('',#3381,#3388,#3389,.T.);
#2649=EDGE_CURVE('',#3390,#3388,#3391,.T.);
#2650=EDGE_CURVE('',#3383,#3390,#3392,.T.);
#2651=EDGE_CURVE('',#3388,#3393,#3394,.T.);
#2652=EDGE_CURVE('',#3395,#3393,#3396,.T.);
#2653=EDGE_CURVE('',#3390,#3395,#3397,.T.);
#2654=EDGE_CURVE('',#3393,#3398,#3399,.T.);
#2655=EDGE_CURVE('',#3400,#3398,#3401,.T.);
#2656=EDGE_CURVE('',#3395,#3400,#3402,.T.);
#2657=EDGE_CURVE('',#3398,#3403,#3404,.T.);
#2658=EDGE_CURVE('',#3405,#3403,#3406,.T.);
#2659=EDGE_CURVE('',#3400,#3405,#3407,.T.);
#2660=EDGE_CURVE('',#2709,#3380,#3408,.T.);
#2661=EDGE_CURVE('',#3403,#3062,#3409,.T.);
#2662=EDGE_CURVE('',#2711,#3385,#3410,.T.);
#2663=EDGE_CURVE('',#3405,#3060,#3411,.T.);
#2664=EDGE_CURVE('',#3412,#3021,#3413,.T.);
#2665=EDGE_CURVE('',#3414,#3019,#3415,.T.);
#2666=EDGE_CURVE('',#3414,#3412,#3416,.T.);
#2667=EDGE_CURVE('',#3053,#3417,#3418,.T.);
#2668=EDGE_CURVE('',#3417,#3419,#3420,.T.);
#2669=EDGE_CURVE('',#3419,#3421,#3422,.T.);
#2670=EDGE_CURVE('',#3421,#3423,#3424,.T.);
#2671=EDGE_CURVE('',#3423,#3414,#3425,.T.);
#2672=EDGE_CURVE('',#3426,#3412,#3427,.T.);
#2673=EDGE_CURVE('',#3428,#3426,#3429,.T.);
#2674=EDGE_CURVE('',#3430,#3428,#3431,.T.);
#2675=EDGE_CURVE('',#3432,#3430,#3433,.T.);
#2676=EDGE_CURVE('',#3080,#3432,#3434,.T.);
#2677=EDGE_CURVE('',#3423,#3426,#3435,.T.);
#2678=EDGE_CURVE('',#3417,#3432,#3436,.T.);
#2679=EDGE_CURVE('',#3419,#3430,#3437,.T.);
#2680=EDGE_CURVE('',#3421,#3428,#3438,.T.);
#2681=EDGE_CURVE('',#3439,#2686,#3440,.T.);
#2682=EDGE_CURVE('',#3441,#3439,#3442,.T.);
#2683=EDGE_CURVE('',#2916,#3441,#3443,.T.);
#2684=EDGE_CURVE('',#3086,#3439,#3444,.T.);
#2685=EDGE_CURVE('',#3084,#3441,#3445,.T.);
#2686=VERTEX_POINT('',#3446);
#2687=VERTEX_POINT('',#3447);
#2688=LINE('',#3448,#3449);
#2689=VERTEX_POINT('',#3450);
#2690=LINE('',#3451,#3452);
#2691=VERTEX_POINT('',#3453);
#2692=LINE('',#3454,#3455);
#2693=VERTEX_POINT('',#3456);
#2694=LINE('',#3457,#3458);
#2695=VERTEX_POINT('',#3459);
#2696=LINE('',#3460,#3461);
#2697=VERTEX_POINT('',#3462);
#2698=LINE('',#3463,#3464);
#2699=VERTEX_POINT('',#3465);
#2700=LINE('',#3466,#3467);
#2701=VERTEX_POINT('',#3468);
#2702=LINE('',#3469,#3470);
#2703=VERTEX_POINT('',#3471);
#2704=LINE('',#3472,#3473);
#2705=VERTEX_POINT('',#3474);
#2706=LINE('',#3475,#3476);
#2707=VERTEX_POINT('',#3477);
#2708=LINE('',#3478,#3479);
#2709=VERTEX_POINT('',#3480);
#2710=LINE('',#3481,#3482);
#2711=VERTEX_POINT('',#3483);
#2712=LINE('',#3484,#3485);
#2713=VERTEX_POINT('',#3486);
#2714=LINE('',#3487,#3488);
#2715=VERTEX_POINT('',#3489);
#2716=LINE('',#3490,#3491);
#2717=LINE('',#3492,#3493);
#2718=VERTEX_POINT('',#3494);
#2719=LINE('',#3495,#3496);
#2720=VERTEX_POINT('',#3497);
#2721=LINE('',#3498,#3499);
#2722=LINE('',#3500,#3501);
#2723=VERTEX_POINT('',#3502);
#2724=VERTEX_POINT('',#3503);
#2725=LINE('',#3504,#3505);
#2726=VERTEX_POINT('',#3506);
#2727=LINE('',#3507,#3508);
#2728=VERTEX_POINT('',#3509);
#2729=LINE('',#3510,#3511);
#2730=VERTEX_POINT('',#3512);
#2731=LINE('',#3513,#3514);
#2732=VERTEX_POINT('',#3515);
#2733=LINE('',#3516,#3517);
#2734=VERTEX_POINT('',#3518);
#2735=LINE('',#3519,#3520);
#2736=VERTEX_POINT('',#3521);
#2737=LINE('',#3522,#3523);
#2738=VERTEX_POINT('',#3524);
#2739=LINE('',#3525,#3526);
#2740=VERTEX_POINT('',#3527);
#2741=LINE('',#3528,#3529);
#2742=LINE('',#3530,#3531);
#2743=VERTEX_POINT('',#3532);
#2744=VERTEX_POINT('',#3533);
#2745=LINE('',#3534,#3535);
#2746=VERTEX_POINT('',#3536);
#2747=LINE('',#3537,#3538);
#2748=VERTEX_POINT('',#3539);
#2749=LINE('',#3540,#3541);
#2750=LINE('',#3542,#3543);
#2751=VERTEX_POINT('',#3544);
#2752=LINE('',#3545,#3546);
#2753=VERTEX_POINT('',#3547);
#2754=LINE('',#3548,#3549);
#2755=LINE('',#3550,#3551);
#2756=CIRCLE('',#3552,0.3);
#2757=CIRCLE('',#3553,0.3);
#2758=VERTEX_POINT('',#3554);
#2759=VERTEX_POINT('',#3555);
#2760=LINE('',#3556,#3557);
#2761=VERTEX_POINT('',#3558);
#2762=LINE('',#3559,#3560);
#2763=VERTEX_POINT('',#3561);
#2764=LINE('',#3562,#3563);
#2765=VERTEX_POINT('',#3564);
#2766=LINE('',#3565,#3566);
#2767=VERTEX_POINT('',#3567);
#2768=LINE('',#3568,#3569);
#2769=VERTEX_POINT('',#3570);
#2770=LINE('',#3571,#3572);
#2771=VERTEX_POINT('',#3573);
#2772=LINE('',#3574,#3575);
#2773=VERTEX_POINT('',#3576);
#2774=LINE('',#3577,#3578);
#2775=VERTEX_POINT('',#3579);
#2776=LINE('',#3580,#3581);
#2777=LINE('',#3582,#3583);
#2778=VERTEX_POINT('',#3584);
#2779=CIRCLE('',#3585,0.1);
#2780=VERTEX_POINT('',#3586);
#2781=LINE('',#3587,#3588);
#2782=CIRCLE('',#3589,0.1);
#2783=LINE('',#3590,#3591);
#2784=LINE('',#3592,#3593);
#2785=LINE('',#3594,#3595);
#2786=LINE('',#3596,#3597);
#2787=VERTEX_POINT('',#3598);
#2788=VERTEX_POINT('',#3599);
#2789=LINE('',#3600,#3601);
#2790=VERTEX_POINT('',#3602);
#2791=LINE('',#3603,#3604);
#2792=VERTEX_POINT('',#3605);
#2793=LINE('',#3606,#3607);
#2794=VERTEX_POINT('',#3608);
#2795=LINE('',#3609,#3610);
#2796=VERTEX_POINT('',#3611);
#2797=LINE('',#3612,#3613);
#2798=VERTEX_POINT('',#3614);
#2799=LINE('',#3615,#3616);
#2800=VERTEX_POINT('',#3617);
#2801=LINE('',#3618,#3619);
#2802=VERTEX_POINT('',#3620);
#2803=LINE('',#3621,#3622);
#2804=VERTEX_POINT('',#3623);
#2805=LINE('',#3624,#3625);
#2806=CIRCLE('',#3626,0.15);
#2807=VERTEX_POINT('',#3627);
#2808=VERTEX_POINT('',#3628);
#2809=LINE('',#3629,#3630);
#2810=VERTEX_POINT('',#3631);
#2811=LINE('',#3632,#3633);
#2812=VERTEX_POINT('',#3634);
#2813=LINE('',#3635,#3636);
#2814=VERTEX_POINT('',#3637);
#2815=LINE('',#3638,#3639);
#2816=VERTEX_POINT('',#3640);
#2817=LINE('',#3641,#3642);
#2818=VERTEX_POINT('',#3643);
#2819=LINE('',#3644,#3645);
#2820=VERTEX_POINT('',#3646);
#2821=LINE('',#3647,#3648);
#2822=VERTEX_POINT('',#3649);
#2823=LINE('',#3650,#3651);
#2824=VERTEX_POINT('',#3652);
#2825=LINE('',#3653,#3654);
#2826=LINE('',#3655,#3656);
#2827=VERTEX_POINT('',#3657);
#2828=CIRCLE('',#3658,0.1);
#2829=VERTEX_POINT('',#3659);
#2830=LINE('',#3660,#3661);
#2831=CIRCLE('',#3662,0.0999999999999999);
#2832=VERTEX_POINT('',#3663);
#2833=LINE('',#3664,#3665);
#2834=VERTEX_POINT('',#3666);
#2835=LINE('',#3667,#3668);
#2836=LINE('',#3669,#3670);
#2837=VERTEX_POINT('',#3671);
#2838=VERTEX_POINT('',#3672);
#2839=LINE('',#3673,#3674);
#2840=VERTEX_POINT('',#3675);
#2841=LINE('',#3676,#3677);
#2842=VERTEX_POINT('',#3678);
#2843=LINE('',#3679,#3680);
#2844=LINE('',#3681,#3682);
#2845=VERTEX_POINT('',#3683);
#2846=VERTEX_POINT('',#3684);
#2847=LINE('',#3685,#3686);
#2848=LINE('',#3687,#3688);
#2849=LINE('',#3689,#3690);
#2850=VERTEX_POINT('',#3691);
#2851=VERTEX_POINT('',#3692);
#2852=LINE('',#3693,#3694);
#2853=LINE('',#3695,#3696);
#2854=LINE('',#3697,#3698);
#2855=VERTEX_POINT('',#3699);
#2856=VERTEX_POINT('',#3700);
#2857=LINE('',#3701,#3702);
#2858=VERTEX_POINT('',#3703);
#2859=LINE('',#3704,#3705);
#2860=VERTEX_POINT('',#3706);
#2861=CIRCLE('',#3707,0.15);
#2862=VERTEX_POINT('',#3708);
#2863=LINE('',#3709,#3710);
#2864=VERTEX_POINT('',#3711);
#2865=LINE('',#3712,#3713);
#2866=VERTEX_POINT('',#3714);
#2867=LINE('',#3715,#3716);
#2868=VERTEX_POINT('',#3717);
#2869=LINE('',#3718,#3719);
#2870=VERTEX_POINT('',#3720);
#2871=LINE('',#3721,#3722);
#2872=VERTEX_POINT('',#3723);
#2873=LINE('',#3724,#3725);
#2874=LINE('',#3726,#3727);
#2875=VERTEX_POINT('',#3728);
#2876=VERTEX_POINT('',#3729);
#2877=LINE('',#3730,#3731);
#2878=VERTEX_POINT('',#3732);
#2879=LINE('',#3733,#3734);
#2880=VERTEX_POINT('',#3735);
#2881=LINE('',#3736,#3737);
#2882=VERTEX_POINT('',#3738);
#2883=LINE('',#3739,#3740);
#2884=VERTEX_POINT('',#3741);
#2885=LINE('',#3742,#3743);
#2886=VERTEX_POINT('',#3744);
#2887=LINE('',#3745,#3746);
#2888=VERTEX_POINT('',#3747);
#2889=LINE('',#3748,#3749);
#2890=VERTEX_POINT('',#3750);
#2891=LINE('',#3751,#3752);
#2892=VERTEX_POINT('',#3753);
#2893=LINE('',#3754,#3755);
#2894=VERTEX_POINT('',#3756);
#2895=LINE('',#3757,#3758);
#2896=VERTEX_POINT('',#3759);
#2897=LINE('',#3760,#3761);
#2898=LINE('',#3762,#3763);
#2899=VERTEX_POINT('',#3764);
#2900=VERTEX_POINT('',#3765);
#2901=LINE('',#3766,#3767);
#2902=LINE('',#3768,#3769);
#2903=LINE('',#3770,#3771);
#2904=VERTEX_POINT('',#3772);
#2905=LINE('',#3773,#3774);
#2906=VERTEX_POINT('',#3775);
#2907=LINE('',#3776,#3777);
#2908=LINE('',#3778,#3779);
#2909=LINE('',#3780,#3781);
#2910=VERTEX_POINT('',#3782);
#2911=LINE('',#3783,#3784);
#2912=VERTEX_POINT('',#3785);
#2913=LINE('',#3786,#3787);
#2914=LINE('',#3788,#3789);
#2915=LINE('',#3790,#3791);
#2916=VERTEX_POINT('',#3792);
#2917=LINE('',#3793,#3794);
#2918=VERTEX_POINT('',#3795);
#2919=LINE('',#3796,#3797);
#2920=VERTEX_POINT('',#3798);
#2921=LINE('',#3799,#3800);
#2922=VERTEX_POINT('',#3801);
#2923=LINE('',#3802,#3803);
#2924=VERTEX_POINT('',#3804);
#2925=LINE('',#3805,#3806);
#2926=VERTEX_POINT('',#3807);
#2927=LINE('',#3808,#3809);
#2928=VERTEX_POINT('',#3810);
#2929=LINE('',#3811,#3812);
#2930=VERTEX_POINT('',#3813);
#2931=LINE('',#3814,#3815);
#2932=VERTEX_POINT('',#3816);
#2933=LINE('',#3817,#3818);
#2934=VERTEX_POINT('',#3819);
#2935=LINE('',#3820,#3821);
#2936=VERTEX_POINT('',#3822);
#2937=LINE('',#3823,#3824);
#2938=VERTEX_POINT('',#3825);
#2939=LINE('',#3826,#3827);
#2940=VERTEX_POINT('',#3828);
#2941=LINE('',#3829,#3830);
#2942=VERTEX_POINT('',#3831);
#2943=LINE('',#3832,#3833);
#2944=VERTEX_POINT('',#3834);
#2945=LINE('',#3835,#3836);
#2946=VERTEX_POINT('',#3837);
#2947=LINE('',#3838,#3839);
#2948=VERTEX_POINT('',#3840);
#2949=LINE('',#3841,#3842);
#2950=VERTEX_POINT('',#3843);
#2951=LINE('',#3844,#3845);
#2952=LINE('',#3846,#3847);
#2953=VERTEX_POINT('',#3848);
#2954=VERTEX_POINT('',#3849);
#2955=LINE('',#3850,#3851);
#2956=VERTEX_POINT('',#3852);
#2957=LINE('',#3853,#3854);
#2958=VERTEX_POINT('',#3855);
#2959=LINE('',#3856,#3857);
#2960=VERTEX_POINT('',#3858);
#2961=LINE('',#3859,#3860);
#2962=VERTEX_POINT('',#3861);
#2963=LINE('',#3862,#3863);
#2964=VERTEX_POINT('',#3864);
#2965=CIRCLE('',#3865,0.15);
#2966=VERTEX_POINT('',#3866);
#2967=LINE('',#3867,#3868);
#2968=VERTEX_POINT('',#3869);
#2969=LINE('',#3870,#3871);
#2970=VERTEX_POINT('',#3872);
#2971=LINE('',#3873,#3874);
#2972=LINE('',#3875,#3876);
#2973=VERTEX_POINT('',#3877);
#2974=LINE('',#3878,#3879);
#2975=VERTEX_POINT('',#3880);
#2976=LINE('',#3881,#3882);
#2977=VERTEX_POINT('',#3883);
#2978=LINE('',#3884,#3885);
#2979=VERTEX_POINT('',#3886);
#2980=LINE('',#3887,#3888);
#2981=VERTEX_POINT('',#3889);
#2982=CIRCLE('',#3890,0.15);
#2983=VERTEX_POINT('',#3891);
#2984=LINE('',#3892,#3893);
#2985=VERTEX_POINT('',#3894);
#2986=LINE('',#3895,#3896);
#2987=VERTEX_POINT('',#3897);
#2988=LINE('',#3898,#3899);
#2989=LINE('',#3900,#3901);
#2990=LINE('',#3902,#3903);
#2991=LINE('',#3904,#3905);
#2992=LINE('',#3906,#3907);
#2993=LINE('',#3908,#3909);
#2994=LINE('',#3910,#3911);
#2995=LINE('',#3912,#3913);
#2996=VERTEX_POINT('',#3914);
#2997=LINE('',#3915,#3916);
#2998=VERTEX_POINT('',#3917);
#2999=LINE('',#3918,#3919);
#3000=LINE('',#3920,#3921);
#3001=LINE('',#3922,#3923);
#3002=LINE('',#3924,#3925);
#3003=VERTEX_POINT('',#3926);
#3004=LINE('',#3927,#3928);
#3005=VERTEX_POINT('',#3929);
#3006=LINE('',#3930,#3931);
#3007=LINE('',#3932,#3933);
#3008=VERTEX_POINT('',#3934);
#3009=LINE('',#3935,#3936);
#3010=LINE('',#3937,#3938);
#3011=VERTEX_POINT('',#3939);
#3012=LINE('',#3940,#3941);
#3013=VERTEX_POINT('',#3942);
#3014=LINE('',#3943,#3944);
#3015=LINE('',#3945,#3946);
#3016=VERTEX_POINT('',#3947);
#3017=VERTEX_POINT('',#3948);
#3018=LINE('',#3949,#3950);
#3019=VERTEX_POINT('',#3951);
#3020=LINE('',#3952,#3953);
#3021=VERTEX_POINT('',#3954);
#3022=LINE('',#3955,#3956);
#3023=VERTEX_POINT('',#3957);
#3024=LINE('',#3958,#3959);
#3025=VERTEX_POINT('',#3960);
#3026=LINE('',#3961,#3962);
#3027=VERTEX_POINT('',#3963);
#3028=LINE('',#3964,#3965);
#3029=VERTEX_POINT('',#3966);
#3030=LINE('',#3967,#3968);
#3031=VERTEX_POINT('',#3969);
#3032=LINE('',#3970,#3971);
#3033=LINE('',#3972,#3973);
#3034=VERTEX_POINT('',#3974);
#3035=LINE('',#3975,#3976);
#3036=LINE('',#3977,#3978);
#3037=VERTEX_POINT('',#3979);
#3038=LINE('',#3980,#3981);
#3039=LINE('',#3982,#3983);
#3040=LINE('',#3984,#3985);
#3041=VERTEX_POINT('',#3986);
#3042=LINE('',#3987,#3988);
#3043=LINE('',#3989,#3990);
#3044=VERTEX_POINT('',#3991);
#3045=LINE('',#3992,#3993);
#3046=LINE('',#3994,#3995);
#3047=VERTEX_POINT('',#3996);
#3048=LINE('',#3997,#3998);
#3049=LINE('',#3999,#4000);
#3050=VERTEX_POINT('',#4001);
#3051=LINE('',#4002,#4003);
#3052=LINE('',#4004,#4005);
#3053=VERTEX_POINT('',#4006);
#3054=LINE('',#4007,#4008);
#3055=VERTEX_POINT('',#4009);
#3056=LINE('',#4010,#4011);
#3057=VERTEX_POINT('',#4012);
#3058=LINE('',#4013,#4014);
#3059=LINE('',#4015,#4016);
#3060=VERTEX_POINT('',#4017);
#3061=LINE('',#4018,#4019);
#3062=VERTEX_POINT('',#4020);
#3063=LINE('',#4021,#4022);
#3064=LINE('',#4023,#4024);
#3065=VERTEX_POINT('',#4025);
#3066=LINE('',#4026,#4027);
#3067=VERTEX_POINT('',#4028);
#3068=LINE('',#4029,#4030);
#3069=LINE('',#4031,#4032);
#3070=VERTEX_POINT('',#4033);
#3071=LINE('',#4034,#4035);
#3072=VERTEX_POINT('',#4036);
#3073=LINE('',#4037,#4038);
#3074=LINE('',#4039,#4040);
#3075=VERTEX_POINT('',#4041);
#3076=LINE('',#4042,#4043);
#3077=VERTEX_POINT('',#4044);
#3078=LINE('',#4045,#4046);
#3079=LINE('',#4047,#4048);
#3080=VERTEX_POINT('',#4049);
#3081=LINE('',#4050,#4051);
#3082=LINE('',#4052,#4053);
#3083=LINE('',#4054,#4055);
#3084=VERTEX_POINT('',#4056);
#3085=LINE('',#4057,#4058);
#3086=VERTEX_POINT('',#4059);
#3087=LINE('',#4060,#4061);
#3088=LINE('',#4062,#4063);
#3089=LINE('',#4064,#4065);
#3090=VERTEX_POINT('',#4066);
#3091=LINE('',#4067,#4068);
#3092=VERTEX_POINT('',#4069);
#3093=LINE('',#4070,#4071);
#3094=LINE('',#4072,#4073);
#3095=LINE('',#4074,#4075);
#3096=LINE('',#4076,#4077);
#3097=LINE('',#4078,#4079);
#3098=LINE('',#4080,#4081);
#3099=LINE('',#4082,#4083);
#3100=LINE('',#4084,#4085);
#3101=LINE('',#4086,#4087);
#3102=LINE('',#4088,#4089);
#3103=LINE('',#4090,#4091);
#3104=LINE('',#4092,#4093);
#3105=VERTEX_POINT('',#4094);
#3106=LINE('',#4095,#4096);
#3107=LINE('',#4097,#4098);
#3108=VERTEX_POINT('',#4099);
#3109=LINE('',#4100,#4101);
#3110=LINE('',#4102,#4103);
#3111=LINE('',#4104,#4105);
#3112=VERTEX_POINT('',#4106);
#3113=LINE('',#4107,#4108);
#3114=VERTEX_POINT('',#4109);
#3115=LINE('',#4110,#4111);
#3116=LINE('',#4112,#4113);
#3117=VERTEX_POINT('',#4114);
#3118=VERTEX_POINT('',#4115);
#3119=LINE('',#4116,#4117);
#3120=VERTEX_POINT('',#4118);
#3121=LINE('',#4119,#4120);
#3122=VERTEX_POINT('',#4121);
#3123=LINE('',#4122,#4123);
#3124=VERTEX_POINT('',#4124);
#3125=LINE('',#4125,#4126);
#3126=LINE('',#4127,#4128);
#3127=VERTEX_POINT('',#4129);
#3128=LINE('',#4130,#4131);
#3129=LINE('',#4132,#4133);
#3130=VERTEX_POINT('',#4134);
#3131=LINE('',#4135,#4136);
#3132=VERTEX_POINT('',#4137);
#3133=LINE('',#4138,#4139);
#3134=VERTEX_POINT('',#4140);
#3135=LINE('',#4141,#4142);
#3136=LINE('',#4143,#4144);
#3137=VERTEX_POINT('',#4145);
#3138=LINE('',#4146,#4147);
#3139=LINE('',#4148,#4149);
#3140=LINE('',#4150,#4151);
#3141=LINE('',#4152,#4153);
#3142=VERTEX_POINT('',#4154);
#3143=VERTEX_POINT('',#4155);
#3144=LINE('',#4156,#4157);
#3145=VERTEX_POINT('',#4158);
#3146=LINE('',#4159,#4160);
#3147=VERTEX_POINT('',#4161);
#3148=LINE('',#4162,#4163);
#3149=LINE('',#4164,#4165);
#3150=VERTEX_POINT('',#4166);
#3151=LINE('',#4167,#4168);
#3152=VERTEX_POINT('',#4169);
#3153=LINE('',#4170,#4171);
#3154=LINE('',#4172,#4173);
#3155=VERTEX_POINT('',#4174);
#3156=LINE('',#4175,#4176);
#3157=VERTEX_POINT('',#4177);
#3158=LINE('',#4178,#4179);
#3159=LINE('',#4180,#4181);
#3160=VERTEX_POINT('',#4182);
#3161=LINE('',#4183,#4184);
#3162=VERTEX_POINT('',#4185);
#3163=LINE('',#4186,#4187);
#3164=LINE('',#4188,#4189);
#3165=VERTEX_POINT('',#4190);
#3166=LINE('',#4191,#4192);
#3167=VERTEX_POINT('',#4193);
#3168=LINE('',#4194,#4195);
#3169=LINE('',#4196,#4197);
#3170=VERTEX_POINT('',#4198);
#3171=LINE('',#4199,#4200);
#3172=VERTEX_POINT('',#4201);
#3173=LINE('',#4202,#4203);
#3174=LINE('',#4204,#4205);
#3175=LINE('',#4206,#4207);
#3176=LINE('',#4208,#4209);
#3177=LINE('',#4210,#4211);
#3178=LINE('',#4212,#4213);
#3179=VERTEX_POINT('',#4214);
#3180=VERTEX_POINT('',#4215);
#3181=CIRCLE('',#4216,0.0900000000000005);
#3182=VERTEX_POINT('',#4217);
#3183=LINE('',#4218,#4219);
#3184=VERTEX_POINT('',#4220);
#3185=CIRCLE('',#4221,0.0900000000000005);
#3186=LINE('',#4222,#4223);
#3187=VERTEX_POINT('',#4224);
#3188=LINE('',#4225,#4226);
#3189=VERTEX_POINT('',#4227);
#3190=LINE('',#4228,#4229);
#3191=LINE('',#4230,#4231);
#3192=VERTEX_POINT('',#4232);
#3193=LINE('',#4233,#4234);
#3194=VERTEX_POINT('',#4235);
#3195=LINE('',#4236,#4237);
#3196=LINE('',#4238,#4239);
#3197=VERTEX_POINT('',#4240);
#3198=CIRCLE('',#4241,0.0999999999999593);
#3199=VERTEX_POINT('',#4242);
#3200=LINE('',#4243,#4244);
#3201=CIRCLE('',#4245,0.0999999999999593);
#3202=VERTEX_POINT('',#4246);
#3203=CIRCLE('',#4247,0.0500000000000003);
#3204=VERTEX_POINT('',#4248);
#3205=LINE('',#4249,#4250);
#3206=CIRCLE('',#4251,0.0500000000000003);
#3207=LINE('',#4252,#4253);
#3208=LINE('',#4254,#4255);
#3209=LINE('',#4256,#4257);
#3210=LINE('',#4258,#4259);
#3211=VERTEX_POINT('',#4260);
#3212=LINE('',#4261,#4262);
#3213=VERTEX_POINT('',#4263);
#3214=LINE('',#4264,#4265);
#3215=LINE('',#4266,#4267);
#3216=VERTEX_POINT('',#4268);
#3217=LINE('',#4269,#4270);
#3218=VERTEX_POINT('',#4271);
#3219=LINE('',#4272,#4273);
#3220=VERTEX_POINT('',#4274);
#3221=LINE('',#4275,#4276);
#3222=VERTEX_POINT('',#4277);
#3223=LINE('',#4278,#4279);
#3224=CIRCLE('',#4280,0.0799999999999993);
#3225=VERTEX_POINT('',#4281);
#3226=CIRCLE('',#4282,0.0799999999999993);
#3227=VERTEX_POINT('',#4283);
#3228=LINE('',#4284,#4285);
#3229=VERTEX_POINT('',#4286);
#3230=LINE('',#4287,#4288);
#3231=VERTEX_POINT('',#4289);
#3232=LINE('',#4290,#4291);
#3233=LINE('',#4292,#4293);
#3234=LINE('',#4294,#4295);
#3235=LINE('',#4296,#4297);
#3236=LINE('',#4298,#4299);
#3237=LINE('',#4300,#4301);
#3238=CIRCLE('',#4302,0.3);
#3239=CIRCLE('',#4303,0.3);
#3240=VERTEX_POINT('',#4304);
#3241=LINE('',#4305,#4306);
#3242=VERTEX_POINT('',#4307);
#3243=LINE('',#4308,#4309);
#3244=LINE('',#4310,#4311);
#3245=VERTEX_POINT('',#4312);
#3246=LINE('',#4313,#4314);
#3247=VERTEX_POINT('',#4315);
#3248=LINE('',#4316,#4317);
#3249=LINE('',#4318,#4319);
#3250=VERTEX_POINT('',#4320);
#3251=CIRCLE('',#4321,0.3);
#3252=VERTEX_POINT('',#4322);
#3253=LINE('',#4323,#4324);
#3254=CIRCLE('',#4325,0.3);
#3255=VERTEX_POINT('',#4326);
#3256=LINE('',#4327,#4328);
#3257=LINE('',#4329,#4330);
#3258=VERTEX_POINT('',#4331);
#3259=LINE('',#4332,#4333);
#3260=VERTEX_POINT('',#4334);
#3261=LINE('',#4335,#4336);
#3262=VERTEX_POINT('',#4337);
#3263=LINE('',#4338,#4339);
#3264=VERTEX_POINT('',#4340);
#3265=LINE('',#4341,#4342);
#3266=VERTEX_POINT('',#4343);
#3267=LINE('',#4344,#4345);
#3268=LINE('',#4346,#4347);
#3269=VERTEX_POINT('',#4348);
#3270=VERTEX_POINT('',#4349);
#3271=LINE('',#4350,#4351);
#3272=CIRCLE('',#4352,0.1);
#3273=CIRCLE('',#4353,0.1);
#3274=LINE('',#4354,#4355);
#3275=LINE('',#4356,#4357);
#3276=LINE('',#4358,#4359);
#3277=LINE('',#4360,#4361);
#3278=LINE('',#4362,#4363);
#3279=LINE('',#4364,#4365);
#3280=VERTEX_POINT('',#4366);
#3281=CIRCLE('',#4367,0.1);
#3282=VERTEX_POINT('',#4368);
#3283=CIRCLE('',#4369,0.0999999999999999);
#3284=LINE('',#4370,#4371);
#3285=VERTEX_POINT('',#4372);
#3286=LINE('',#4373,#4374);
#3287=VERTEX_POINT('',#4375);
#3288=LINE('',#4376,#4377);
#3289=LINE('',#4378,#4379);
#3290=VERTEX_POINT('',#4380);
#3291=LINE('',#4381,#4382);
#3292=VERTEX_POINT('',#4383);
#3293=LINE('',#4384,#4385);
#3294=LINE('',#4386,#4387);
#3295=VERTEX_POINT('',#4388);
#3296=LINE('',#4389,#4390);
#3297=VERTEX_POINT('',#4391);
#3298=LINE('',#4392,#4393);
#3299=LINE('',#4394,#4395);
#3300=CIRCLE('',#4396,0.3);
#3301=CIRCLE('',#4397,0.3);
#3302=LINE('',#4398,#4399);
#3303=LINE('',#4400,#4401);
#3304=LINE('',#4402,#4403);
#3305=LINE('',#4404,#4405);
#3306=VERTEX_POINT('',#4406);
#3307=LINE('',#4407,#4408);
#3308=LINE('',#4409,#4410);
#3309=VERTEX_POINT('',#4411);
#3310=LINE('',#4412,#4413);
#3311=LINE('',#4414,#4415);
#3312=LINE('',#4416,#4417);
#3313=VERTEX_POINT('',#4418);
#3314=LINE('',#4419,#4420);
#3315=VERTEX_POINT('',#4421);
#3316=LINE('',#4422,#4423);
#3317=LINE('',#4424,#4425);
#3318=VERTEX_POINT('',#4426);
#3319=VERTEX_POINT('',#4427);
#3320=LINE('',#4428,#4429);
#3321=VERTEX_POINT('',#4430);
#3322=LINE('',#4431,#4432);
#3323=VERTEX_POINT('',#4433);
#3324=LINE('',#4434,#4435);
#3325=VERTEX_POINT('',#4436);
#3326=LINE('',#4437,#4438);
#3327=LINE('',#4439,#4440);
#3328=VERTEX_POINT('',#4441);
#3329=LINE('',#4442,#4443);
#3330=LINE('',#4444,#4445);
#3331=VERTEX_POINT('',#4446);
#3332=LINE('',#4447,#4448);
#3333=VERTEX_POINT('',#4449);
#3334=LINE('',#4450,#4451);
#3335=VERTEX_POINT('',#4452);
#3336=LINE('',#4453,#4454);
#3337=LINE('',#4455,#4456);
#3338=VERTEX_POINT('',#4457);
#3339=LINE('',#4458,#4459);
#3340=LINE('',#4460,#4461);
#3341=LINE('',#4462,#4463);
#3342=LINE('',#4464,#4465);
#3343=VERTEX_POINT('',#4466);
#3344=VERTEX_POINT('',#4467);
#3345=LINE('',#4468,#4469);
#3346=VERTEX_POINT('',#4470);
#3347=LINE('',#4471,#4472);
#3348=VERTEX_POINT('',#4473);
#3349=LINE('',#4474,#4475);
#3350=LINE('',#4476,#4477);
#3351=VERTEX_POINT('',#4478);
#3352=LINE('',#4479,#4480);
#3353=VERTEX_POINT('',#4481);
#3354=LINE('',#4482,#4483);
#3355=LINE('',#4484,#4485);
#3356=VERTEX_POINT('',#4486);
#3357=LINE('',#4487,#4488);
#3358=VERTEX_POINT('',#4489);
#3359=LINE('',#4490,#4491);
#3360=LINE('',#4492,#4493);
#3361=VERTEX_POINT('',#4494);
#3362=LINE('',#4495,#4496);
#3363=VERTEX_POINT('',#4497);
#3364=LINE('',#4498,#4499);
#3365=LINE('',#4500,#4501);
#3366=VERTEX_POINT('',#4502);
#3367=LINE('',#4503,#4504);
#3368=VERTEX_POINT('',#4505);
#3369=LINE('',#4506,#4507);
#3370=LINE('',#4508,#4509);
#3371=VERTEX_POINT('',#4510);
#3372=LINE('',#4511,#4512);
#3373=VERTEX_POINT('',#4513);
#3374=LINE('',#4514,#4515);
#3375=LINE('',#4516,#4517);
#3376=LINE('',#4518,#4519);
#3377=LINE('',#4520,#4521);
#3378=LINE('',#4522,#4523);
#3379=LINE('',#4524,#4525);
#3380=VERTEX_POINT('',#4526);
#3381=VERTEX_POINT('',#4527);
#3382=CIRCLE('',#4528,0.0900000000000005);
#3383=VERTEX_POINT('',#4529);
#3384=LINE('',#4530,#4531);
#3385=VERTEX_POINT('',#4532);
#3386=CIRCLE('',#4533,0.0900000000000005);
#3387=LINE('',#4534,#4535);
#3388=VERTEX_POINT('',#4536);
#3389=LINE('',#4537,#4538);
#3390=VERTEX_POINT('',#4539);
#3391=LINE('',#4540,#4541);
#3392=LINE('',#4542,#4543);
#3393=VERTEX_POINT('',#4544);
#3394=LINE('',#4545,#4546);
#3395=VERTEX_POINT('',#4547);
#3396=LINE('',#4548,#4549);
#3397=LINE('',#4550,#4551);
#3398=VERTEX_POINT('',#4552);
#3399=CIRCLE('',#4553,0.0999999999999593);
#3400=VERTEX_POINT('',#4554);
#3401=LINE('',#4555,#4556);
#3402=CIRCLE('',#4557,0.0999999999999593);
#3403=VERTEX_POINT('',#4558);
#3404=CIRCLE('',#4559,0.0500000000000003);
#3405=VERTEX_POINT('',#4560);
#3406=LINE('',#4561,#4562);
#3407=CIRCLE('',#4563,0.0500000000000003);
#3408=LINE('',#4564,#4565);
#3409=LINE('',#4566,#4567);
#3410=LINE('',#4568,#4569);
#3411=LINE('',#4570,#4571);
#3412=VERTEX_POINT('',#4572);
#3413=LINE('',#4573,#4574);
#3414=VERTEX_POINT('',#4575);
#3415=LINE('',#4576,#4577);
#3416=LINE('',#4578,#4579);
#3417=VERTEX_POINT('',#4580);
#3418=LINE('',#4581,#4582);
#3419=VERTEX_POINT('',#4583);
#3420=LINE('',#4584,#4585);
#3421=VERTEX_POINT('',#4586);
#3422=LINE('',#4587,#4588);
#3423=VERTEX_POINT('',#4589);
#3424=LINE('',#4590,#4591);
#3425=CIRCLE('',#4592,0.0799999999999993);
#3426=VERTEX_POINT('',#4593);
#3427=CIRCLE('',#4594,0.0799999999999993);
#3428=VERTEX_POINT('',#4595);
#3429=LINE('',#4596,#4597);
#3430=VERTEX_POINT('',#4598);
#3431=LINE('',#4599,#4600);
#3432=VERTEX_POINT('',#4601);
#3433=LINE('',#4602,#4603);
#3434=LINE('',#4604,#4605);
#3435=LINE('',#4606,#4607);
#3436=LINE('',#4608,#4609);
#3437=LINE('',#4610,#4611);
#3438=LINE('',#4612,#4613);
#3439=VERTEX_POINT('',#4614);
#3440=LINE('',#4615,#4616);
#3441=VERTEX_POINT('',#4617);
#3442=LINE('',#4618,#4619);
#3443=LINE('',#4620,#4621);
#3444=LINE('',#4622,#4623);
#3445=LINE('',#4624,#4625);
#3446=CARTESIAN_POINT('',(0.285,1.85,1.25));
#3447=CARTESIAN_POINT('',(0.514999999999985,1.85,1.25));
#3448=CARTESIAN_POINT('',(0.78,1.85,1.25));
#3449=VECTOR('',#4626,1.0);
#3450=CARTESIAN_POINT('',(0.285,1.8,1.25));
#3451=CARTESIAN_POINT('',(0.285,3.15,1.25));
#3452=VECTOR('',#4627,1.0);
#3453=CARTESIAN_POINT('',(-0.285,1.8,1.25));
#3454=CARTESIAN_POINT('',(0.78,1.8,1.25));
#3455=VECTOR('',#4628,1.0);
#3456=CARTESIAN_POINT('',(-0.285,1.85,1.25));
#3457=CARTESIAN_POINT('',(-0.285,3.15,1.25));
#3458=VECTOR('',#4629,1.0);
#3459=CARTESIAN_POINT('',(-0.515,1.85,1.25));
#3460=CARTESIAN_POINT('',(0.78,1.85,1.25));
#3461=VECTOR('',#4630,1.0);
#3462=CARTESIAN_POINT('',(-0.515,3.15,1.25));
#3463=CARTESIAN_POINT('',(-0.515,16.945,1.25));
#3464=VECTOR('',#4631,1.0);
#3465=CARTESIAN_POINT('',(-0.5,3.15,1.25));
#3466=CARTESIAN_POINT('',(0.78,3.15,1.25));
#3467=VECTOR('',#4632,1.0);
#3468=CARTESIAN_POINT('',(-0.5,1.95,1.25));
#3469=CARTESIAN_POINT('',(-0.5,3.15,1.25));
#3470=VECTOR('',#4633,1.0);
#3471=CARTESIAN_POINT('',(-0.3,1.95,1.25));
#3472=CARTESIAN_POINT('',(0.78,1.95,1.25));
#3473=VECTOR('',#4634,1.0);
#3474=CARTESIAN_POINT('',(-0.3,3.15,1.25));
#3475=CARTESIAN_POINT('',(-0.3,3.15,1.25));
#3476=VECTOR('',#4635,1.0);
#3477=CARTESIAN_POINT('',(0.3,3.15,1.25));
#3478=CARTESIAN_POINT('',(0.78,3.15,1.25));
#3479=VECTOR('',#4636,1.0);
#3480=CARTESIAN_POINT('',(0.3,1.95,1.25));
#3481=CARTESIAN_POINT('',(0.3,3.15,1.25));
#3482=VECTOR('',#4637,1.0);
#3483=CARTESIAN_POINT('',(0.5,1.95,1.25));
#3484=CARTESIAN_POINT('',(0.78,1.95,1.25));
#3485=VECTOR('',#4638,1.0);
#3486=CARTESIAN_POINT('',(0.5,3.15,1.25));
#3487=CARTESIAN_POINT('',(0.5,3.15,1.25));
#3488=VECTOR('',#4639,1.0);
#3489=CARTESIAN_POINT('',(0.514999999999985,3.15,1.25));
#3490=CARTESIAN_POINT('',(0.78,3.15,1.25));
#3491=VECTOR('',#4640,1.0);
#3492=CARTESIAN_POINT('',(0.514999999999985,16.945,1.25));
#3493=VECTOR('',#4641,1.0);
#3494=CARTESIAN_POINT('',(0.285,1.6,1.33));
#3495=CARTESIAN_POINT('',(0.285,1.8,1.25));
#3496=VECTOR('',#4642,1.0);
#3497=CARTESIAN_POINT('',(-0.285,1.6,1.33));
#3498=CARTESIAN_POINT('',(-1.415,1.6,1.33));
#3499=VECTOR('',#4643,1.0);
#3500=CARTESIAN_POINT('',(-0.285,1.8,1.25));
#3501=VECTOR('',#4644,1.0);
#3502=CARTESIAN_POINT('',(1.44,2.65,0.950000000000001));
#3503=CARTESIAN_POINT('',(1.44,2.65,1.2));
#3504=CARTESIAN_POINT('',(1.44,2.65,0.950000000000001));
#3505=VECTOR('',#4645,1.0);
#3506=CARTESIAN_POINT('',(1.44,2.8,0.950000000000001));
#3507=CARTESIAN_POINT('',(1.44,2.65,0.950000000000001));
#3508=VECTOR('',#4646,1.0);
#3509=CARTESIAN_POINT('',(1.44,2.8,0.45));
#3510=CARTESIAN_POINT('',(1.44,2.79999999999999,0.250000000000001));
#3511=VECTOR('',#4647,1.0);
#3512=CARTESIAN_POINT('',(1.44,2.45,0.45));
#3513=CARTESIAN_POINT('',(1.44,1.64999999999999,0.449999999999999));
#3514=VECTOR('',#4648,1.0);
#3515=CARTESIAN_POINT('',(1.44,2.45,0.250000000000001));
#3516=CARTESIAN_POINT('',(1.44,2.45,0.250000000000001));
#3517=VECTOR('',#4649,1.0);
#3518=CARTESIAN_POINT('',(1.44,1.75000000000001,0.250000000000001));
#3519=CARTESIAN_POINT('',(1.44,1.64999999999985,0.250000000000001));
#3520=VECTOR('',#4650,1.0);
#3521=CARTESIAN_POINT('',(1.44,1.75000000000001,0.45));
#3522=CARTESIAN_POINT('',(1.44,1.75000000000001,0.250000000000001));
#3523=VECTOR('',#4651,1.0);
#3524=CARTESIAN_POINT('',(1.44,1.65,0.45));
#3525=CARTESIAN_POINT('',(1.44,1.64999999999999,0.45));
#3526=VECTOR('',#4652,1.0);
#3527=CARTESIAN_POINT('',(1.44,1.64999999999999,1.2));
#3528=CARTESIAN_POINT('',(1.44,1.64999999999999,0.250000000000001));
#3529=VECTOR('',#4653,1.0);
#3530=CARTESIAN_POINT('',(1.44,1.64999999999999,1.2));
#3531=VECTOR('',#4654,1.0);
#3532=CARTESIAN_POINT('',(1.94,1.75000000000001,0.150000000000001));
#3533=CARTESIAN_POINT('',(1.94,2.45,0.150000000000001));
#3534=CARTESIAN_POINT('',(1.94,1.65000000000001,0.150000000000001));
#3535=VECTOR('',#4655,1.0);
#3536=CARTESIAN_POINT('',(1.94,1.75000000000001,-0.0500000000000001));
#3537=CARTESIAN_POINT('',(1.94,1.75000000000001,0.45));
#3538=VECTOR('',#4656,1.0);
#3539=CARTESIAN_POINT('',(1.94,2.45,-0.0499999999999998));
#3540=CARTESIAN_POINT('',(1.94,1.65000000000001,-0.0499999999999994));
#3541=VECTOR('',#4657,1.0);
#3542=CARTESIAN_POINT('',(1.94,2.45,-0.0499999999999998));
#3543=VECTOR('',#4658,1.0);
#3544=CARTESIAN_POINT('',(1.74,1.75000000000001,-0.0500000000000001));
#3545=CARTESIAN_POINT('',(-3.2575,1.75000000000001,-0.0500000000000001));
#3546=VECTOR('',#4659,1.0);
#3547=CARTESIAN_POINT('',(1.74,2.45,-0.0499999999999998));
#3548=CARTESIAN_POINT('',(1.74,1.65,-0.0499999999999994));
#3549=VECTOR('',#4660,1.0);
#3550=CARTESIAN_POINT('',(-3.2575,2.45,-0.0499999999999998));
#3551=VECTOR('',#4661,1.0);
#3552=AXIS2_PLACEMENT_3D('',#4662,#4663,#4664);
#3553=AXIS2_PLACEMENT_3D('',#4665,#4666,#4667);
#3554=CARTESIAN_POINT('',(1.64,2.65,1.2));
#3555=CARTESIAN_POINT('',(1.64,2.65,0.950000000000001));
#3556=CARTESIAN_POINT('',(1.64,2.65,1.2));
#3557=VECTOR('',#4668,1.0);
#3558=CARTESIAN_POINT('',(1.64,1.64999999999985,1.2));
#3559=CARTESIAN_POINT('',(1.64,1.64999999999985,1.2));
#3560=VECTOR('',#4669,1.0);
#3561=CARTESIAN_POINT('',(1.64,1.65,0.45));
#3562=CARTESIAN_POINT('',(1.64,1.65,1.2));
#3563=VECTOR('',#4670,1.0);
#3564=CARTESIAN_POINT('',(1.64,1.75000000000001,0.45));
#3565=CARTESIAN_POINT('',(1.64,1.65,0.45));
#3566=VECTOR('',#4671,1.0);
#3567=CARTESIAN_POINT('',(1.64,1.75000000000001,0.250000000000001));
#3568=CARTESIAN_POINT('',(1.64,1.75000000000001,1.2));
#3569=VECTOR('',#4672,1.0);
#3570=CARTESIAN_POINT('',(1.64,2.45,0.250000000000001));
#3571=CARTESIAN_POINT('',(1.64,1.65,0.250000000000001));
#3572=VECTOR('',#4673,1.0);
#3573=CARTESIAN_POINT('',(1.64,2.45,0.45));
#3574=CARTESIAN_POINT('',(1.64,2.45,1.2));
#3575=VECTOR('',#4674,1.0);
#3576=CARTESIAN_POINT('',(1.64,2.8,0.45));
#3577=CARTESIAN_POINT('',(1.64,1.65,0.449999999999999));
#3578=VECTOR('',#4675,1.0);
#3579=CARTESIAN_POINT('',(1.64,2.8,0.950000000000001));
#3580=CARTESIAN_POINT('',(1.64,2.8,1.2));
#3581=VECTOR('',#4676,1.0);
#3582=CARTESIAN_POINT('',(1.64,2.65,0.950000000000001));
#3583=VECTOR('',#4677,1.0);
#3584=CARTESIAN_POINT('',(1.74,1.75000000000001,0.150000000000001));
#3585=AXIS2_PLACEMENT_3D('',#4678,#4679,#4680);
#3586=CARTESIAN_POINT('',(1.74,2.45,0.150000000000001));
#3587=CARTESIAN_POINT('',(1.74,1.64999999999985,0.150000000000001));
#3588=VECTOR('',#4681,1.0);
#3589=AXIS2_PLACEMENT_3D('',#4682,#4683,#4684);
#3590=CARTESIAN_POINT('',(1.74,1.75000000000001,0.150000000000001));
#3591=VECTOR('',#4685,1.0);
#3592=CARTESIAN_POINT('',(1.74,2.45,0.150000000000001));
#3593=VECTOR('',#4686,1.0);
#3594=CARTESIAN_POINT('',(1.64,2.8,0.950000000000001));
#3595=VECTOR('',#4687,1.0);
#3596=CARTESIAN_POINT('',(-3.2575,2.8,0.45));
#3597=VECTOR('',#4688,1.0);
#3598=CARTESIAN_POINT('',(1.415,2.8,1.12));
#3599=CARTESIAN_POINT('',(1.415,2.8,0.3));
#3600=CARTESIAN_POINT('',(1.415,2.8,1.55));
#3601=VECTOR('',#4689,1.0);
#3602=CARTESIAN_POINT('',(1.215,2.8,0.3));
#3603=CARTESIAN_POINT('',(1.415,2.8,0.3));
#3604=VECTOR('',#4690,1.0);
#3605=CARTESIAN_POINT('',(1.215,2.8,0.200000000000001));
#3606=CARTESIAN_POINT('',(1.215,2.8,0.3));
#3607=VECTOR('',#4691,1.0);
#3608=CARTESIAN_POINT('',(1.065,2.8,0.0));
#3609=CARTESIAN_POINT('',(1.215,2.8,0.200000000000001));
#3610=VECTOR('',#4692,1.0);
#3611=CARTESIAN_POINT('',(1.9,2.8,0.0));
#3612=CARTESIAN_POINT('',(1.415,2.8,0.0));
#3613=VECTOR('',#4693,1.0);
#3614=CARTESIAN_POINT('',(1.9,2.8,1.55));
#3615=CARTESIAN_POINT('',(1.9,2.8,1.55));
#3616=VECTOR('',#4694,1.0);
#3617=CARTESIAN_POINT('',(0.950000000000001,2.8,1.55));
#3618=CARTESIAN_POINT('',(1.415,2.8,1.55));
#3619=VECTOR('',#4695,1.0);
#3620=CARTESIAN_POINT('',(0.95,2.8,1.27));
#3621=CARTESIAN_POINT('',(0.950000000000001,2.8,1.55));
#3622=VECTOR('',#4696,1.0);
#3623=CARTESIAN_POINT('',(1.265,2.8,1.27));
#3624=CARTESIAN_POINT('',(0.95,2.8,1.27));
#3625=VECTOR('',#4697,1.0);
#3626=AXIS2_PLACEMENT_3D('',#4698,#4699,#4700);
#3627=CARTESIAN_POINT('',(-1.44,2.65,0.950000000000001));
#3628=CARTESIAN_POINT('',(-1.44,2.8,0.950000000000001));
#3629=CARTESIAN_POINT('',(-1.44,2.65,0.950000000000001));
#3630=VECTOR('',#4701,1.0);
#3631=CARTESIAN_POINT('',(-1.44,2.65,1.2));
#3632=CARTESIAN_POINT('',(-1.44,2.65,0.950000000000001));
#3633=VECTOR('',#4702,1.0);
#3634=CARTESIAN_POINT('',(-1.44,1.65000000000001,1.2));
#3635=CARTESIAN_POINT('',(-1.44,1.65000000000001,1.2));
#3636=VECTOR('',#4703,1.0);
#3637=CARTESIAN_POINT('',(-1.44,1.65,0.45));
#3638=CARTESIAN_POINT('',(-1.44,1.65000000000001,0.250000000000001));
#3639=VECTOR('',#4704,1.0);
#3640=CARTESIAN_POINT('',(-1.44,1.75000000000001,0.45));
#3641=CARTESIAN_POINT('',(-1.44,1.65000000000001,0.45));
#3642=VECTOR('',#4705,1.0);
#3643=CARTESIAN_POINT('',(-1.44,1.75000000000001,0.25));
#3644=CARTESIAN_POINT('',(-1.44,1.75000000000001,0.250000000000001));
#3645=VECTOR('',#4706,1.0);
#3646=CARTESIAN_POINT('',(-1.44,2.45,0.25));
#3647=CARTESIAN_POINT('',(-1.43999999999999,1.65000000000015,0.25));
#3648=VECTOR('',#4707,1.0);
#3649=CARTESIAN_POINT('',(-1.44,2.45,0.45));
#3650=CARTESIAN_POINT('',(-1.44,2.45,0.250000000000001));
#3651=VECTOR('',#4708,1.0);
#3652=CARTESIAN_POINT('',(-1.44,2.8,0.45));
#3653=CARTESIAN_POINT('',(-1.44,1.65000000000001,0.449999999999999));
#3654=VECTOR('',#4709,1.0);
#3655=CARTESIAN_POINT('',(-1.44,2.80000000000001,0.250000000000001));
#3656=VECTOR('',#4710,1.0);
#3657=CARTESIAN_POINT('',(-1.34,2.65,1.3));
#3658=AXIS2_PLACEMENT_3D('',#4711,#4712,#4713);
#3659=CARTESIAN_POINT('',(-1.34,1.65000000000015,1.3));
#3660=CARTESIAN_POINT('',(-1.34,1.65000000000015,1.3));
#3661=VECTOR('',#4714,1.0);
#3662=AXIS2_PLACEMENT_3D('',#4715,#4716,#4717);
#3663=CARTESIAN_POINT('',(-1.02,2.65,1.3));
#3664=CARTESIAN_POINT('',(-1.34,2.65,1.3));
#3665=VECTOR('',#4718,1.0);
#3666=CARTESIAN_POINT('',(-1.02,1.65000000000002,1.3));
#3667=CARTESIAN_POINT('',(-1.02,1.65000000000002,1.3));
#3668=VECTOR('',#4719,1.0);
#3669=CARTESIAN_POINT('',(-1.34,1.65000000000002,1.3));
#3670=VECTOR('',#4720,1.0);
#3671=CARTESIAN_POINT('',(-1.94,1.75000000000001,0.150000000000001));
#3672=CARTESIAN_POINT('',(-1.94,1.75000000000001,-0.0500000000000001));
#3673=CARTESIAN_POINT('',(-1.94,1.75000000000001,0.45));
#3674=VECTOR('',#4721,1.0);
#3675=CARTESIAN_POINT('',(-1.94,2.45,0.150000000000001));
#3676=CARTESIAN_POINT('',(-1.94,1.64999999999999,0.150000000000001));
#3677=VECTOR('',#4722,1.0);
#3678=CARTESIAN_POINT('',(-1.94,2.45,-0.0499999999999998));
#3679=CARTESIAN_POINT('',(-1.94,2.45,-0.0499999999999998));
#3680=VECTOR('',#4723,1.0);
#3681=CARTESIAN_POINT('',(-1.94,1.64999999999999,-0.0499999999999994));
#3682=VECTOR('',#4724,1.0);
#3683=CARTESIAN_POINT('',(-1.73999999999999,1.75000000000001,-0.0500000000000001));
#3684=CARTESIAN_POINT('',(-1.73999999999999,2.45,-0.0499999999999998));
#3685=CARTESIAN_POINT('',(-1.74,1.65,-0.0499999999999994));
#3686=VECTOR('',#4725,1.0);
#3687=CARTESIAN_POINT('',(3.2575,1.75000000000001,-0.0500000000000001));
#3688=VECTOR('',#4726,1.0);
#3689=CARTESIAN_POINT('',(3.2575,2.45,-0.0499999999999998));
#3690=VECTOR('',#4727,1.0);
#3691=CARTESIAN_POINT('',(-1.64,2.8,0.950000000000001));
#3692=CARTESIAN_POINT('',(-1.64,2.8,0.45));
#3693=CARTESIAN_POINT('',(-1.64,2.8,1.2));
#3694=VECTOR('',#4728,1.0);
#3695=CARTESIAN_POINT('',(-1.64,2.8,0.950000000000001));
#3696=VECTOR('',#4729,1.0);
#3697=CARTESIAN_POINT('',(3.2575,2.8,0.45));
#3698=VECTOR('',#4730,1.0);
#3699=CARTESIAN_POINT('',(-1.215,2.8,0.3));
#3700=CARTESIAN_POINT('',(-1.415,2.8,0.3));
#3701=CARTESIAN_POINT('',(-1.215,2.8,0.3));
#3702=VECTOR('',#4731,1.0);
#3703=CARTESIAN_POINT('',(-1.415,2.8,1.12));
#3704=CARTESIAN_POINT('',(-1.415,2.8,1.55));
#3705=VECTOR('',#4732,1.0);
#3706=CARTESIAN_POINT('',(-1.265,2.8,1.27));
#3707=AXIS2_PLACEMENT_3D('',#4733,#4734,#4735);
#3708=CARTESIAN_POINT('',(-0.95,2.8,1.27));
#3709=CARTESIAN_POINT('',(-1.265,2.8,1.27));
#3710=VECTOR('',#4736,1.0);
#3711=CARTESIAN_POINT('',(-0.950000000000001,2.8,1.55));
#3712=CARTESIAN_POINT('',(-0.95,2.8,1.27));
#3713=VECTOR('',#4737,1.0);
#3714=CARTESIAN_POINT('',(-1.9,2.8,1.55));
#3715=CARTESIAN_POINT('',(-1.9,2.8,1.55));
#3716=VECTOR('',#4738,1.0);
#3717=CARTESIAN_POINT('',(-1.9,2.8,0.0));
#3718=CARTESIAN_POINT('',(-1.9,2.8,1.55));
#3719=VECTOR('',#4739,1.0);
#3720=CARTESIAN_POINT('',(-1.065,2.8,2.22044604925031E-16));
#3721=CARTESIAN_POINT('',(-1.9,2.8,0.0));
#3722=VECTOR('',#4740,1.0);
#3723=CARTESIAN_POINT('',(-1.215,2.8,0.200000000000001));
#3724=CARTESIAN_POINT('',(-1.065,2.8,2.22044604925031E-16));
#3725=VECTOR('',#4741,1.0);
#3726=CARTESIAN_POINT('',(-1.215,2.8,0.200000000000001));
#3727=VECTOR('',#4742,1.0);
#3728=CARTESIAN_POINT('',(1.9,4.1,0.0));
#3729=CARTESIAN_POINT('',(0.7,4.1,0.0));
#3730=CARTESIAN_POINT('',(1.9,4.1,0.0));
#3731=VECTOR('',#4743,1.0);
#3732=CARTESIAN_POINT('',(0.7,4.1,0.3));
#3733=CARTESIAN_POINT('',(0.7,4.1,0.0));
#3734=VECTOR('',#4744,1.0);
#3735=CARTESIAN_POINT('',(0.1,4.1,0.3));
#3736=CARTESIAN_POINT('',(0.7,4.1,0.3));
#3737=VECTOR('',#4745,1.0);
#3738=CARTESIAN_POINT('',(0.1,4.1,0.0));
#3739=CARTESIAN_POINT('',(0.1,4.1,0.0));
#3740=VECTOR('',#4746,1.0);
#3741=CARTESIAN_POINT('',(-0.0999999999999999,4.1,0.0));
#3742=CARTESIAN_POINT('',(1.9,4.1,0.0));
#3743=VECTOR('',#4747,1.0);
#3744=CARTESIAN_POINT('',(-0.0999999999999999,4.1,0.3));
#3745=CARTESIAN_POINT('',(-0.0999999999999999,4.1,0.0));
#3746=VECTOR('',#4748,1.0);
#3747=CARTESIAN_POINT('',(-0.7,4.1,0.3));
#3748=CARTESIAN_POINT('',(-0.0999999999999999,4.1,0.3));
#3749=VECTOR('',#4749,1.0);
#3750=CARTESIAN_POINT('',(-0.7,4.1,0.0));
#3751=CARTESIAN_POINT('',(-0.7,4.1,0.0));
#3752=VECTOR('',#4750,1.0);
#3753=CARTESIAN_POINT('',(-1.9,4.1,0.0));
#3754=CARTESIAN_POINT('',(1.9,4.1,0.0));
#3755=VECTOR('',#4751,1.0);
#3756=CARTESIAN_POINT('',(-1.9,4.1,1.55));
#3757=CARTESIAN_POINT('',(-1.9,4.1,1.55));
#3758=VECTOR('',#4752,1.0);
#3759=CARTESIAN_POINT('',(1.9,4.1,1.55));
#3760=CARTESIAN_POINT('',(1.9,4.1,1.55));
#3761=VECTOR('',#4753,1.0);
#3762=CARTESIAN_POINT('',(1.9,4.1,1.55));
#3763=VECTOR('',#4754,1.0);
#3764=CARTESIAN_POINT('',(0.7,3.5,0.0));
#3765=CARTESIAN_POINT('',(0.1,3.5,0.0));
#3766=CARTESIAN_POINT('',(0.7,3.5,0.0));
#3767=VECTOR('',#4755,1.0);
#3768=CARTESIAN_POINT('',(0.7,3.5,0.0));
#3769=VECTOR('',#4756,1.0);
#3770=CARTESIAN_POINT('',(1.9,2.8,0.0));
#3771=VECTOR('',#4757,1.0);
#3772=CARTESIAN_POINT('',(1.065,1.6,4.06575814682064E-16));
#3773=CARTESIAN_POINT('',(1.065,13.48,4.06575814682064E-16));
#3774=VECTOR('',#4758,1.0);
#3775=CARTESIAN_POINT('',(-1.065,1.6,2.22044604925031E-16));
#3776=CARTESIAN_POINT('',(-1.415,1.6,0.0));
#3777=VECTOR('',#4759,1.0);
#3778=CARTESIAN_POINT('',(-1.065,13.48,2.22044604925031E-16));
#3779=VECTOR('',#4760,1.0);
#3780=CARTESIAN_POINT('',(-1.9,4.1,0.0));
#3781=VECTOR('',#4761,1.0);
#3782=CARTESIAN_POINT('',(-0.7,3.5,0.0));
#3783=CARTESIAN_POINT('',(-0.7,3.5,0.0));
#3784=VECTOR('',#4762,1.0);
#3785=CARTESIAN_POINT('',(-0.0999999999999999,3.5,0.0));
#3786=CARTESIAN_POINT('',(-0.0999999999999999,3.5,0.0));
#3787=VECTOR('',#4763,1.0);
#3788=CARTESIAN_POINT('',(-0.0999999999999999,3.5,0.0));
#3789=VECTOR('',#4764,1.0);
#3790=CARTESIAN_POINT('',(0.1,3.5,0.0));
#3791=VECTOR('',#4765,1.0);
#3792=CARTESIAN_POINT('',(0.285,1.6,1.18));
#3793=CARTESIAN_POINT('',(0.285,1.6,1.45));
#3794=VECTOR('',#4766,1.0);
#3795=CARTESIAN_POINT('',(0.515,1.6,1.18));
#3796=CARTESIAN_POINT('',(0.515,1.6,1.18));
#3797=VECTOR('',#4767,1.0);
#3798=CARTESIAN_POINT('',(0.515,1.6,1.27));
#3799=CARTESIAN_POINT('',(0.515,1.6,1.45));
#3800=VECTOR('',#4768,1.0);
#3801=CARTESIAN_POINT('',(0.779999999999987,1.6,1.27));
#3802=CARTESIAN_POINT('',(0.779999999999987,1.6,1.27));
#3803=VECTOR('',#4769,1.0);
#3804=CARTESIAN_POINT('',(0.929999999999983,1.6,1.05));
#3805=CARTESIAN_POINT('',(0.929999999999983,1.6,1.05));
#3806=VECTOR('',#4770,1.0);
#3807=CARTESIAN_POINT('',(1.185,1.6,1.05));
#3808=CARTESIAN_POINT('',(1.185,1.6,1.05));
#3809=VECTOR('',#4771,1.0);
#3810=CARTESIAN_POINT('',(1.185,1.6,0.6));
#3811=CARTESIAN_POINT('',(1.185,1.6,0.6));
#3812=VECTOR('',#4772,1.0);
#3813=CARTESIAN_POINT('',(0.950000000000001,1.6,0.6));
#3814=CARTESIAN_POINT('',(0.950000000000001,1.6,0.6));
#3815=VECTOR('',#4773,1.0);
#3816=CARTESIAN_POINT('',(0.950000000000001,1.6,0.12));
#3817=CARTESIAN_POINT('',(0.950000000000001,1.6,0.25));
#3818=VECTOR('',#4774,1.0);
#3819=CARTESIAN_POINT('',(-0.950000000000002,1.6,0.120000000000001));
#3820=CARTESIAN_POINT('',(-1.415,1.6,0.120000000000001));
#3821=VECTOR('',#4775,1.0);
#3822=CARTESIAN_POINT('',(-0.950000000000001,1.6,0.600000000000001));
#3823=CARTESIAN_POINT('',(-0.950000000000001,1.6,0.600000000000001));
#3824=VECTOR('',#4776,1.0);
#3825=CARTESIAN_POINT('',(-1.185,1.6,0.600000000000001));
#3826=CARTESIAN_POINT('',(-1.185,1.6,0.600000000000001));
#3827=VECTOR('',#4777,1.0);
#3828=CARTESIAN_POINT('',(-1.185,1.6,1.05));
#3829=CARTESIAN_POINT('',(-1.185,1.6,1.05));
#3830=VECTOR('',#4778,1.0);
#3831=CARTESIAN_POINT('',(-0.93,1.6,1.05));
#3832=CARTESIAN_POINT('',(-0.929999999999999,1.6,1.05));
#3833=VECTOR('',#4779,1.0);
#3834=CARTESIAN_POINT('',(-0.780000000000002,1.6,1.27));
#3835=CARTESIAN_POINT('',(-0.780000000000002,1.6,1.27));
#3836=VECTOR('',#4780,1.0);
#3837=CARTESIAN_POINT('',(-0.515,1.6,1.27));
#3838=CARTESIAN_POINT('',(-0.515,1.6,1.27));
#3839=VECTOR('',#4781,1.0);
#3840=CARTESIAN_POINT('',(-0.515,1.6,1.18));
#3841=CARTESIAN_POINT('',(-0.515,1.6,1.45));
#3842=VECTOR('',#4782,1.0);
#3843=CARTESIAN_POINT('',(-0.285,1.6,1.18));
#3844=CARTESIAN_POINT('',(-0.285,1.6,1.18));
#3845=VECTOR('',#4783,1.0);
#3846=CARTESIAN_POINT('',(-0.285,1.6,1.45));
#3847=VECTOR('',#4784,1.0);
#3848=CARTESIAN_POINT('',(-0.700000000000007,1.6,1.5));
#3849=CARTESIAN_POINT('',(-0.500000000000008,1.6,1.5));
#3850=CARTESIAN_POINT('',(-0.700000000000007,1.6,1.5));
#3851=VECTOR('',#4785,1.0);
#3852=CARTESIAN_POINT('',(-0.700000000000007,1.6,1.55));
#3853=CARTESIAN_POINT('',(-0.700000000000007,1.6,1.5));
#3854=VECTOR('',#4786,1.0);
#3855=CARTESIAN_POINT('',(-0.950000000000001,1.6,1.55));
#3856=CARTESIAN_POINT('',(-1.415,1.6,1.55));
#3857=VECTOR('',#4787,1.0);
#3858=CARTESIAN_POINT('',(-0.95,1.6,1.27));
#3859=CARTESIAN_POINT('',(-0.95,1.6,1.27));
#3860=VECTOR('',#4788,1.0);
#3861=CARTESIAN_POINT('',(-1.265,1.6,1.27));
#3862=CARTESIAN_POINT('',(-1.265,1.6,1.27));
#3863=VECTOR('',#4789,1.0);
#3864=CARTESIAN_POINT('',(-1.415,1.6,1.12));
#3865=AXIS2_PLACEMENT_3D('',#4790,#4791,#4792);
#3866=CARTESIAN_POINT('',(-1.415,1.6,0.3));
#3867=CARTESIAN_POINT('',(-1.415,1.6,1.55));
#3868=VECTOR('',#4793,1.0);
#3869=CARTESIAN_POINT('',(-1.215,1.6,0.3));
#3870=CARTESIAN_POINT('',(-1.215,1.6,0.3));
#3871=VECTOR('',#4794,1.0);
#3872=CARTESIAN_POINT('',(-1.215,1.6,0.200000000000001));
#3873=CARTESIAN_POINT('',(-1.215,1.6,0.200000000000001));
#3874=VECTOR('',#4795,1.0);
#3875=CARTESIAN_POINT('',(-1.065,1.6,2.22044604925031E-16));
#3876=VECTOR('',#4796,1.0);
#3877=CARTESIAN_POINT('',(1.215,1.6,0.200000000000001));
#3878=CARTESIAN_POINT('',(1.215,1.6,0.200000000000001));
#3879=VECTOR('',#4797,1.0);
#3880=CARTESIAN_POINT('',(1.215,1.6,0.3));
#3881=CARTESIAN_POINT('',(1.215,1.6,0.3));
#3882=VECTOR('',#4798,1.0);
#3883=CARTESIAN_POINT('',(1.415,1.6,0.3));
#3884=CARTESIAN_POINT('',(1.415,1.6,0.3));
#3885=VECTOR('',#4799,1.0);
#3886=CARTESIAN_POINT('',(1.415,1.6,1.12));
#3887=CARTESIAN_POINT('',(1.415,1.6,1.55));
#3888=VECTOR('',#4800,1.0);
#3889=CARTESIAN_POINT('',(1.265,1.6,1.27));
#3890=AXIS2_PLACEMENT_3D('',#4801,#4802,#4803);
#3891=CARTESIAN_POINT('',(0.95,1.6,1.27));
#3892=CARTESIAN_POINT('',(0.95,1.6,1.27));
#3893=VECTOR('',#4804,1.0);
#3894=CARTESIAN_POINT('',(0.950000000000001,1.6,1.55));
#3895=CARTESIAN_POINT('',(0.950000000000001,1.6,1.55));
#3896=VECTOR('',#4805,1.0);
#3897=CARTESIAN_POINT('',(-0.500000000000008,1.6,1.55));
#3898=CARTESIAN_POINT('',(-1.415,1.6,1.55));
#3899=VECTOR('',#4806,1.0);
#3900=CARTESIAN_POINT('',(-0.500000000000008,1.6,1.5));
#3901=VECTOR('',#4807,1.0);
#3902=CARTESIAN_POINT('',(-1.415,13.48,0.3));
#3903=VECTOR('',#4808,1.0);
#3904=CARTESIAN_POINT('',(-1.415,13.48,1.12));
#3905=VECTOR('',#4809,1.0);
#3906=CARTESIAN_POINT('',(1.415,13.48,0.3));
#3907=VECTOR('',#4810,1.0);
#3908=CARTESIAN_POINT('',(1.415,13.48,1.12));
#3909=VECTOR('',#4811,1.0);
#3910=CARTESIAN_POINT('',(-1.9,4.1,1.55));
#3911=VECTOR('',#4812,1.0);
#3912=CARTESIAN_POINT('',(1.9,2.8,1.55));
#3913=VECTOR('',#4813,1.0);
#3914=CARTESIAN_POINT('',(-0.700000000000007,1.9,1.55));
#3915=CARTESIAN_POINT('',(-0.700000000000007,1.9,1.55));
#3916=VECTOR('',#4814,1.0);
#3917=CARTESIAN_POINT('',(-0.500000000000007,1.9,1.55));
#3918=CARTESIAN_POINT('',(-0.500000000000007,1.9,1.55));
#3919=VECTOR('',#4815,1.0);
#3920=CARTESIAN_POINT('',(-0.500000000000008,1.6,1.55));
#3921=VECTOR('',#4816,1.0);
#3922=CARTESIAN_POINT('',(0.950000000000001,13.48,1.55));
#3923=VECTOR('',#4817,1.0);
#3924=CARTESIAN_POINT('',(-0.950000000000001,13.48,1.55));
#3925=VECTOR('',#4818,1.0);
#3926=CARTESIAN_POINT('',(-1.185,3.15,0.600000000000001));
#3927=CARTESIAN_POINT('',(-1.185,3.15,0.600000000000001));
#3928=VECTOR('',#4819,1.0);
#3929=CARTESIAN_POINT('',(-1.185,3.15,1.05));
#3930=CARTESIAN_POINT('',(-1.185,3.15,1.05));
#3931=VECTOR('',#4820,1.0);
#3932=CARTESIAN_POINT('',(-1.185,3.15,1.05));
#3933=VECTOR('',#4821,1.0);
#3934=CARTESIAN_POINT('',(-0.950000000000001,3.15,0.600000000000001));
#3935=CARTESIAN_POINT('',(-0.950000000000001,3.15,0.600000000000001));
#3936=VECTOR('',#4822,1.0);
#3937=CARTESIAN_POINT('',(-1.185,3.15,0.600000000000001));
#3938=VECTOR('',#4823,1.0);
#3939=CARTESIAN_POINT('',(-0.950000000000002,1.83,0.250000000000001));
#3940=CARTESIAN_POINT('',(-0.95,2.98032951289398,0.900186246418338));
#3941=VECTOR('',#4824,1.0);
#3942=CARTESIAN_POINT('',(-0.950000000000002,3.15,0.250000000000001));
#3943=CARTESIAN_POINT('',(-0.950000000000002,3.15,0.250000000000001));
#3944=VECTOR('',#4825,1.0);
#3945=CARTESIAN_POINT('',(-0.950000000000001,3.15,0.600000000000001));
#3946=VECTOR('',#4826,1.0);
#3947=CARTESIAN_POINT('',(0.950000000000001,3.15,0.25));
#3948=CARTESIAN_POINT('',(0.5,3.15,0.25));
#3949=CARTESIAN_POINT('',(-0.950000000000002,3.15,0.250000000000001));
#3950=VECTOR('',#4827,1.0);
#3951=CARTESIAN_POINT('',(0.5,1.95,0.25));
#3952=CARTESIAN_POINT('',(0.5,3.15,0.25));
#3953=VECTOR('',#4828,1.0);
#3954=CARTESIAN_POINT('',(0.3,1.95,0.25));
#3955=CARTESIAN_POINT('',(-0.950000000000002,1.95,0.250000000000001));
#3956=VECTOR('',#4829,1.0);
#3957=CARTESIAN_POINT('',(0.3,3.15,0.25));
#3958=CARTESIAN_POINT('',(0.3,3.15,0.25));
#3959=VECTOR('',#4830,1.0);
#3960=CARTESIAN_POINT('',(-0.3,3.15,0.25));
#3961=CARTESIAN_POINT('',(-0.950000000000002,3.15,0.250000000000001));
#3962=VECTOR('',#4831,1.0);
#3963=CARTESIAN_POINT('',(-0.3,1.95,0.25));
#3964=CARTESIAN_POINT('',(-0.3,3.15,0.25));
#3965=VECTOR('',#4832,1.0);
#3966=CARTESIAN_POINT('',(-0.5,1.95,0.250000000000001));
#3967=CARTESIAN_POINT('',(-0.950000000000002,1.95,0.250000000000001));
#3968=VECTOR('',#4833,1.0);
#3969=CARTESIAN_POINT('',(-0.5,3.15,0.25));
#3970=CARTESIAN_POINT('',(-0.5,3.15,0.250000000000001));
#3971=VECTOR('',#4834,1.0);
#3972=CARTESIAN_POINT('',(-0.950000000000002,3.15,0.250000000000001));
#3973=VECTOR('',#4835,1.0);
#3974=CARTESIAN_POINT('',(0.950000000000001,1.83,0.25));
#3975=CARTESIAN_POINT('',(-0.950000000000002,1.83,0.250000000000001));
#3976=VECTOR('',#4836,1.0);
#3977=CARTESIAN_POINT('',(0.950000000000001,3.15,0.25));
#3978=VECTOR('',#4837,1.0);
#3979=CARTESIAN_POINT('',(0.950000000000001,3.15,0.6));
#3980=CARTESIAN_POINT('',(0.950000000000001,3.15,0.6));
#3981=VECTOR('',#4838,1.0);
#3982=CARTESIAN_POINT('',(0.950000000000001,3.15,0.25));
#3983=VECTOR('',#4839,1.0);
#3984=CARTESIAN_POINT('',(0.950000000000001,2.8304011461318,0.815444126074498));
#3985=VECTOR('',#4840,1.0);
#3986=CARTESIAN_POINT('',(1.185,3.15,0.6));
#3987=CARTESIAN_POINT('',(1.185,3.15,0.6));
#3988=VECTOR('',#4841,1.0);
#3989=CARTESIAN_POINT('',(0.950000000000001,3.15,0.6));
#3990=VECTOR('',#4842,1.0);
#3991=CARTESIAN_POINT('',(1.185,3.15,1.05));
#3992=CARTESIAN_POINT('',(1.185,3.15,1.05));
#3993=VECTOR('',#4843,1.0);
#3994=CARTESIAN_POINT('',(1.185,3.15,0.6));
#3995=VECTOR('',#4844,1.0);
#3996=CARTESIAN_POINT('',(0.929999999999983,3.15,1.05));
#3997=CARTESIAN_POINT('',(0.93,3.15,1.05));
#3998=VECTOR('',#4845,1.0);
#3999=CARTESIAN_POINT('',(1.185,3.15,1.05));
#4000=VECTOR('',#4846,1.0);
#4001=CARTESIAN_POINT('',(-0.93,3.15,1.05));
#4002=CARTESIAN_POINT('',(-0.929999999999999,3.15,1.05));
#4003=VECTOR('',#4847,1.0);
#4004=CARTESIAN_POINT('',(-0.929999999999999,3.15,1.05));
#4005=VECTOR('',#4848,1.0);
#4006=CARTESIAN_POINT('',(0.5,3.15,0.4));
#4007=CARTESIAN_POINT('',(0.5,3.15,0.0));
#4008=VECTOR('',#4849,1.0);
#4009=CARTESIAN_POINT('',(0.779999999999987,3.15,1.27));
#4010=CARTESIAN_POINT('',(0.929999999999983,3.15,1.05));
#4011=VECTOR('',#4850,1.0);
#4012=CARTESIAN_POINT('',(0.514999999999985,3.15,1.27));
#4013=CARTESIAN_POINT('',(0.779999999999987,3.15,1.27));
#4014=VECTOR('',#4851,1.0);
#4015=CARTESIAN_POINT('',(0.514999999999985,3.15,1.27));
#4016=VECTOR('',#4852,1.0);
#4017=CARTESIAN_POINT('',(0.5,3.15,1.03810729772406));
#4018=CARTESIAN_POINT('',(0.5,3.15,0.0));
#4019=VECTOR('',#4853,1.0);
#4020=CARTESIAN_POINT('',(0.3,3.15,1.03810729772406));
#4021=CARTESIAN_POINT('',(0.0,3.15,1.03810729772406));
#4022=VECTOR('',#4854,1.0);
#4023=CARTESIAN_POINT('',(0.3,3.15,0.0));
#4024=VECTOR('',#4855,1.0);
#4025=CARTESIAN_POINT('',(-0.3,3.15,1.03810729772406));
#4026=CARTESIAN_POINT('',(-0.3,3.15,0.0));
#4027=VECTOR('',#4856,1.0);
#4028=CARTESIAN_POINT('',(-0.5,3.15,1.03810729772406));
#4029=CARTESIAN_POINT('',(0.0,3.15,1.03810729772406));
#4030=VECTOR('',#4857,1.0);
#4031=CARTESIAN_POINT('',(-0.5,3.15,0.0));
#4032=VECTOR('',#4858,1.0);
#4033=CARTESIAN_POINT('',(-0.515,3.15,1.27));
#4034=CARTESIAN_POINT('',(-0.515,3.15,1.25));
#4035=VECTOR('',#4859,1.0);
#4036=CARTESIAN_POINT('',(-0.780000000000002,3.15,1.27));
#4037=CARTESIAN_POINT('',(-0.515,3.15,1.27));
#4038=VECTOR('',#4860,1.0);
#4039=CARTESIAN_POINT('',(-0.780000000000002,3.15,1.27));
#4040=VECTOR('',#4861,1.0);
#4041=CARTESIAN_POINT('',(-0.5,3.15,0.4));
#4042=CARTESIAN_POINT('',(-0.5,3.15,0.0));
#4043=VECTOR('',#4862,1.0);
#4044=CARTESIAN_POINT('',(-0.3,3.15,0.4));
#4045=CARTESIAN_POINT('',(0.0,3.15,0.4));
#4046=VECTOR('',#4863,1.0);
#4047=CARTESIAN_POINT('',(-0.3,3.15,0.0));
#4048=VECTOR('',#4864,1.0);
#4049=CARTESIAN_POINT('',(0.3,3.15,0.4));
#4050=CARTESIAN_POINT('',(0.3,3.15,0.0));
#4051=VECTOR('',#4865,1.0);
#4052=CARTESIAN_POINT('',(0.0,3.15,0.4));
#4053=VECTOR('',#4866,1.0);
#4054=CARTESIAN_POINT('',(0.514999999999985,16.945,1.27));
#4055=VECTOR('',#4867,1.0);
#4056=CARTESIAN_POINT('',(0.515,1.75,1.1));
#4057=CARTESIAN_POINT('',(0.515,1.6,1.18));
#4058=VECTOR('',#4868,1.0);
#4059=CARTESIAN_POINT('',(0.515,1.85,1.1));
#4060=CARTESIAN_POINT('',(0.515,1.75,1.1));
#4061=VECTOR('',#4869,1.0);
#4062=CARTESIAN_POINT('',(0.515,1.85,1.1));
#4063=VECTOR('',#4870,1.0);
#4064=CARTESIAN_POINT('',(0.779999999999987,16.945,1.27));
#4065=VECTOR('',#4871,1.0);
#4066=CARTESIAN_POINT('',(-0.515,1.85,1.1));
#4067=CARTESIAN_POINT('',(-0.515,1.85,1.1));
#4068=VECTOR('',#4872,1.0);
#4069=CARTESIAN_POINT('',(-0.515,1.75,1.1));
#4070=CARTESIAN_POINT('',(-0.515,1.75,1.1));
#4071=VECTOR('',#4873,1.0);
#4072=CARTESIAN_POINT('',(-0.515,1.6,1.18));
#4073=VECTOR('',#4874,1.0);
#4074=CARTESIAN_POINT('',(-0.515,16.945,1.27));
#4075=VECTOR('',#4875,1.0);
#4076=CARTESIAN_POINT('',(-0.780000000000002,16.945,1.27));
#4077=VECTOR('',#4876,1.0);
#4078=CARTESIAN_POINT('',(-1.215,13.48,0.200000000000001));
#4079=VECTOR('',#4877,1.0);
#4080=CARTESIAN_POINT('',(-1.215,13.48,0.3));
#4081=VECTOR('',#4878,1.0);
#4082=CARTESIAN_POINT('',(1.215,13.48,0.3));
#4083=VECTOR('',#4879,1.0);
#4084=CARTESIAN_POINT('',(1.215,13.48,0.200000000000001));
#4085=VECTOR('',#4880,1.0);
#4086=CARTESIAN_POINT('',(-1.265,13.48,1.27));
#4087=VECTOR('',#4881,1.0);
#4088=CARTESIAN_POINT('',(-0.95,13.48,1.27));
#4089=VECTOR('',#4882,1.0);
#4090=CARTESIAN_POINT('',(1.265,13.48,1.27));
#4091=VECTOR('',#4883,1.0);
#4092=CARTESIAN_POINT('',(0.95,13.48,1.27));
#4093=VECTOR('',#4884,1.0);
#4094=CARTESIAN_POINT('',(-0.700000000000007,1.9,1.5));
#4095=CARTESIAN_POINT('',(-0.700000000000007,1.9,1.5));
#4096=VECTOR('',#4885,1.0);
#4097=CARTESIAN_POINT('',(-0.700000000000007,1.9,1.5));
#4098=VECTOR('',#4886,1.0);
#4099=CARTESIAN_POINT('',(-0.500000000000007,1.9,1.5));
#4100=CARTESIAN_POINT('',(-0.500000000000007,1.9,1.5));
#4101=VECTOR('',#4887,1.0);
#4102=CARTESIAN_POINT('',(-0.500000000000008,1.6,1.5));
#4103=VECTOR('',#4888,1.0);
#4104=CARTESIAN_POINT('',(-0.500000000000007,1.9,1.5));
#4105=VECTOR('',#4889,1.0);
#4106=CARTESIAN_POINT('',(-0.7,3.5,0.05));
#4107=CARTESIAN_POINT('',(-0.7,3.5,0.05));
#4108=VECTOR('',#4890,1.0);
#4109=CARTESIAN_POINT('',(-0.0999999999999999,3.5,0.05));
#4110=CARTESIAN_POINT('',(-0.0999999999999999,3.5,0.05));
#4111=VECTOR('',#4891,1.0);
#4112=CARTESIAN_POINT('',(-0.0999999999999999,3.5,0.05));
#4113=VECTOR('',#4892,1.0);
#4114=CARTESIAN_POINT('',(-0.3,4.02,0.3));
#4115=CARTESIAN_POINT('',(-0.3,3.65,0.3));
#4116=CARTESIAN_POINT('',(-0.3,4.1,0.3));
#4117=VECTOR('',#4893,1.0);
#4118=CARTESIAN_POINT('',(-0.5,4.02,0.3));
#4119=CARTESIAN_POINT('',(-0.0999999999999999,4.02,0.3));
#4120=VECTOR('',#4894,1.0);
#4121=CARTESIAN_POINT('',(-0.5,3.65,0.3));
#4122=CARTESIAN_POINT('',(-0.5,4.1,0.3));
#4123=VECTOR('',#4895,1.0);
#4124=CARTESIAN_POINT('',(-0.7,3.65,0.3));
#4125=CARTESIAN_POINT('',(-0.0999999999999999,3.65,0.3));
#4126=VECTOR('',#4896,1.0);
#4127=CARTESIAN_POINT('',(-0.7,4.1,0.3));
#4128=VECTOR('',#4897,1.0);
#4129=CARTESIAN_POINT('',(-0.0999999999999999,3.65,0.3));
#4130=CARTESIAN_POINT('',(-0.0999999999999999,4.1,0.3));
#4131=VECTOR('',#4898,1.0);
#4132=CARTESIAN_POINT('',(-0.0999999999999999,3.65,0.3));
#4133=VECTOR('',#4899,1.0);
#4134=CARTESIAN_POINT('',(-0.3,3.65,0.2));
#4135=CARTESIAN_POINT('',(-0.3,3.65,0.3));
#4136=VECTOR('',#4900,1.0);
#4137=CARTESIAN_POINT('',(-0.0999999999999999,3.65,0.125));
#4138=CARTESIAN_POINT('',(-0.0999999999999999,3.65,0.3));
#4139=VECTOR('',#4901,1.0);
#4140=CARTESIAN_POINT('',(-0.7,3.65,0.125));
#4141=CARTESIAN_POINT('',(-0.0999999999999999,3.65,0.125));
#4142=VECTOR('',#4902,1.0);
#4143=CARTESIAN_POINT('',(-0.7,3.65,0.3));
#4144=VECTOR('',#4903,1.0);
#4145=CARTESIAN_POINT('',(-0.5,3.65,0.2));
#4146=CARTESIAN_POINT('',(-0.5,3.65,0.3));
#4147=VECTOR('',#4904,1.0);
#4148=CARTESIAN_POINT('',(-0.0999999999999999,3.65,0.2));
#4149=VECTOR('',#4905,1.0);
#4150=CARTESIAN_POINT('',(-0.7,3.65,0.125));
#4151=VECTOR('',#4906,1.0);
#4152=CARTESIAN_POINT('',(-0.0999999999999999,3.65,0.125));
#4153=VECTOR('',#4907,1.0);
#4154=CARTESIAN_POINT('',(-0.5,3.72,0.2));
#4155=CARTESIAN_POINT('',(-0.5,3.72,0.0500000000000003));
#4156=CARTESIAN_POINT('',(-0.5,3.72,0.2));
#4157=VECTOR('',#4908,1.0);
#4158=CARTESIAN_POINT('',(-0.3,3.72,0.0500000000000003));
#4159=CARTESIAN_POINT('',(-0.3,3.72,0.0500000000000003));
#4160=VECTOR('',#4909,1.0);
#4161=CARTESIAN_POINT('',(-0.3,3.72,0.2));
#4162=CARTESIAN_POINT('',(-0.3,3.72,0.2));
#4163=VECTOR('',#4910,1.0);
#4164=CARTESIAN_POINT('',(-0.3,3.72,0.2));
#4165=VECTOR('',#4911,1.0);
#4166=CARTESIAN_POINT('',(-0.5,3.82,-0.0499999999999998));
#4167=CARTESIAN_POINT('',(-0.5,3.72,0.0500000000000003));
#4168=VECTOR('',#4912,1.0);
#4169=CARTESIAN_POINT('',(-0.3,3.82,-0.0499999999999998));
#4170=CARTESIAN_POINT('',(-0.3,3.82,-0.0499999999999998));
#4171=VECTOR('',#4913,1.0);
#4172=CARTESIAN_POINT('',(-0.3,3.72,0.0500000000000003));
#4173=VECTOR('',#4914,1.0);
#4174=CARTESIAN_POINT('',(-0.5,4.02,-0.0499999999999997));
#4175=CARTESIAN_POINT('',(-0.5,3.82,-0.0499999999999997));
#4176=VECTOR('',#4915,1.0);
#4177=CARTESIAN_POINT('',(-0.3,4.02,-0.0499999999999997));
#4178=CARTESIAN_POINT('',(-0.3,4.02,-0.0499999999999997));
#4179=VECTOR('',#4916,1.0);
#4180=CARTESIAN_POINT('',(-0.3,3.82,-0.0499999999999997));
#4181=VECTOR('',#4917,1.0);
#4182=CARTESIAN_POINT('',(-0.5,4.1,0.0300000000000003));
#4183=CARTESIAN_POINT('',(-0.5,4.02,-0.0499999999999997));
#4184=VECTOR('',#4918,1.0);
#4185=CARTESIAN_POINT('',(-0.3,4.1,0.0300000000000003));
#4186=CARTESIAN_POINT('',(-0.3,4.1,0.0300000000000003));
#4187=VECTOR('',#4919,1.0);
#4188=CARTESIAN_POINT('',(-0.3,4.02,-0.0499999999999997));
#4189=VECTOR('',#4920,1.0);
#4190=CARTESIAN_POINT('',(-0.5,4.1,0.15));
#4191=CARTESIAN_POINT('',(-0.5,4.1,0.0300000000000003));
#4192=VECTOR('',#4921,1.0);
#4193=CARTESIAN_POINT('',(-0.3,4.1,0.15));
#4194=CARTESIAN_POINT('',(-0.3,4.1,0.15));
#4195=VECTOR('',#4922,1.0);
#4196=CARTESIAN_POINT('',(-0.3,4.1,0.0300000000000003));
#4197=VECTOR('',#4923,1.0);
#4198=CARTESIAN_POINT('',(-0.5,4.02,0.15));
#4199=CARTESIAN_POINT('',(-0.5,4.1,0.15));
#4200=VECTOR('',#4924,1.0);
#4201=CARTESIAN_POINT('',(-0.3,4.02,0.15));
#4202=CARTESIAN_POINT('',(-0.3,4.02,0.15));
#4203=VECTOR('',#4925,1.0);
#4204=CARTESIAN_POINT('',(-0.3,4.1,0.15));
#4205=VECTOR('',#4926,1.0);
#4206=CARTESIAN_POINT('',(-0.3,4.02,0.15));
#4207=VECTOR('',#4927,1.0);
#4208=CARTESIAN_POINT('',(-0.3,1.95,0.2));
#4209=VECTOR('',#4928,1.0);
#4210=CARTESIAN_POINT('',(-0.5,4.02,0.15));
#4211=VECTOR('',#4929,1.0);
#4212=CARTESIAN_POINT('',(-0.5,1.95,0.2));
#4213=VECTOR('',#4930,1.0);
#4214=CARTESIAN_POINT('',(-0.5,1.95,1.09196152422707));
#4215=CARTESIAN_POINT('',(-0.5,1.995,1.01401923788647));
#4216=AXIS2_PLACEMENT_3D('',#4931,#4932,#4933);
#4217=CARTESIAN_POINT('',(-0.3,1.995,1.01401923788647));
#4218=CARTESIAN_POINT('',(-0.3,1.995,1.01401923788647));
#4219=VECTOR('',#4934,1.0);
#4220=CARTESIAN_POINT('',(-0.3,1.95,1.09196152422707));
#4221=AXIS2_PLACEMENT_3D('',#4935,#4936,#4937);
#4222=CARTESIAN_POINT('',(-0.3,1.95,1.09196152422707));
#4223=VECTOR('',#4938,1.0);
#4224=CARTESIAN_POINT('',(-0.5,2.05392304845413,0.98));
#4225=CARTESIAN_POINT('',(-0.5,1.995,1.01401923788647));
#4226=VECTOR('',#4939,1.0);
#4227=CARTESIAN_POINT('',(-0.3,2.05392304845413,0.98));
#4228=CARTESIAN_POINT('',(-0.3,2.05392304845413,0.98));
#4229=VECTOR('',#4940,1.0);
#4230=CARTESIAN_POINT('',(-0.3,1.995,1.01401923788647));
#4231=VECTOR('',#4941,1.0);
#4232=CARTESIAN_POINT('',(-0.5,2.23,0.98));
#4233=CARTESIAN_POINT('',(-0.5,2.05392304845413,0.98));
#4234=VECTOR('',#4942,1.0);
#4235=CARTESIAN_POINT('',(-0.3,2.23,0.98));
#4236=CARTESIAN_POINT('',(-0.3,2.23,0.98));
#4237=VECTOR('',#4943,1.0);
#4238=CARTESIAN_POINT('',(-0.3,2.05392304845413,0.98));
#4239=VECTOR('',#4944,1.0);
#4240=CARTESIAN_POINT('',(-0.5,2.23844332774281,0.993333333333333));
#4241=AXIS2_PLACEMENT_3D('',#4945,#4946,#4947);
#4242=CARTESIAN_POINT('',(-0.3,2.23844332774281,0.993333333333333));
#4243=CARTESIAN_POINT('',(-0.3,2.23844332774281,0.993333333333333));
#4244=VECTOR('',#4948,1.0);
#4245=AXIS2_PLACEMENT_3D('',#4949,#4950,#4951);
#4246=CARTESIAN_POINT('',(-0.5,2.28162199911082,1.01998912048274));
#4247=AXIS2_PLACEMENT_3D('',#4952,#4953,#4954);
#4248=CARTESIAN_POINT('',(-0.3,2.28162199911082,1.01998912048274));
#4249=CARTESIAN_POINT('',(-0.3,2.28162199911082,1.01998912048274));
#4250=VECTOR('',#4955,1.0);
#4251=AXIS2_PLACEMENT_3D('',#4956,#4957,#4958);
#4252=CARTESIAN_POINT('',(-0.5,1.95,1.33));
#4253=VECTOR('',#4959,1.0);
#4254=CARTESIAN_POINT('',(-0.5,2.28162199911082,1.01998912048274));
#4255=VECTOR('',#4960,1.0);
#4256=CARTESIAN_POINT('',(-0.3,1.95,1.33));
#4257=VECTOR('',#4961,1.0);
#4258=CARTESIAN_POINT('',(-0.3,2.28162199911082,1.01998912048274));
#4259=VECTOR('',#4962,1.0);
#4260=CARTESIAN_POINT('',(-0.5,1.95,0.280000000000001));
#4261=CARTESIAN_POINT('',(-0.5,1.95,0.28));
#4262=VECTOR('',#4963,1.0);
#4263=CARTESIAN_POINT('',(-0.3,1.95,0.280000000000001));
#4264=CARTESIAN_POINT('',(-0.3,1.95,0.28));
#4265=VECTOR('',#4964,1.0);
#4266=CARTESIAN_POINT('',(-0.3,1.95,0.280000000000001));
#4267=VECTOR('',#4965,1.0);
#4268=CARTESIAN_POINT('',(-0.3,2.34,0.4));
#4269=CARTESIAN_POINT('',(-0.3,3.72,0.4));
#4270=VECTOR('',#4966,1.0);
#4271=CARTESIAN_POINT('',(-0.3,2.3,0.44));
#4272=CARTESIAN_POINT('',(-0.3,2.34,0.4));
#4273=VECTOR('',#4967,1.0);
#4274=CARTESIAN_POINT('',(-0.3,2.1,0.44));
#4275=CARTESIAN_POINT('',(-0.3,2.3,0.44));
#4276=VECTOR('',#4968,1.0);
#4277=CARTESIAN_POINT('',(-0.3,1.9795378897993,0.342077173212806));
#4278=CARTESIAN_POINT('',(-0.3,2.1,0.44));
#4279=VECTOR('',#4969,1.0);
#4280=AXIS2_PLACEMENT_3D('',#4970,#4971,#4972);
#4281=CARTESIAN_POINT('',(-0.5,1.9795378897993,0.342077173212806));
#4282=AXIS2_PLACEMENT_3D('',#4973,#4974,#4975);
#4283=CARTESIAN_POINT('',(-0.5,2.1,0.44));
#4284=CARTESIAN_POINT('',(-0.5,2.1,0.44));
#4285=VECTOR('',#4976,1.0);
#4286=CARTESIAN_POINT('',(-0.5,2.3,0.44));
#4287=CARTESIAN_POINT('',(-0.5,2.3,0.44));
#4288=VECTOR('',#4977,1.0);
#4289=CARTESIAN_POINT('',(-0.5,2.34,0.4));
#4290=CARTESIAN_POINT('',(-0.5,2.34,0.4));
#4291=VECTOR('',#4978,1.0);
#4292=CARTESIAN_POINT('',(-0.5,3.72,0.4));
#4293=VECTOR('',#4979,1.0);
#4294=CARTESIAN_POINT('',(-0.3,1.9795378897993,0.342077173212806));
#4295=VECTOR('',#4980,1.0);
#4296=CARTESIAN_POINT('',(-0.3,2.34,0.4));
#4297=VECTOR('',#4981,1.0);
#4298=CARTESIAN_POINT('',(-0.3,2.3,0.44));
#4299=VECTOR('',#4982,1.0);
#4300=CARTESIAN_POINT('',(-0.3,2.1,0.44));
#4301=VECTOR('',#4983,1.0);
#4302=AXIS2_PLACEMENT_3D('',#4984,#4985,#4986);
#4303=AXIS2_PLACEMENT_3D('',#4987,#4988,#4989);
#4304=CARTESIAN_POINT('',(-1.02,2.65,1.5));
#4305=CARTESIAN_POINT('',(-1.02,2.65,1.3));
#4306=VECTOR('',#4990,1.0);
#4307=CARTESIAN_POINT('',(-1.02,1.65000000000002,1.5));
#4308=CARTESIAN_POINT('',(-1.02,1.65000000000002,1.5));
#4309=VECTOR('',#4991,1.0);
#4310=CARTESIAN_POINT('',(-1.02,1.65000000000002,1.3));
#4311=VECTOR('',#4992,1.0);
#4312=CARTESIAN_POINT('',(-1.34,2.65,1.5));
#4313=CARTESIAN_POINT('',(-1.02,2.65,1.5));
#4314=VECTOR('',#4993,1.0);
#4315=CARTESIAN_POINT('',(-1.34,1.65000000000002,1.5));
#4316=CARTESIAN_POINT('',(-1.34,1.65000000000002,1.5));
#4317=VECTOR('',#4994,1.0);
#4318=CARTESIAN_POINT('',(-1.02,1.65000000000002,1.5));
#4319=VECTOR('',#4995,1.0);
#4320=CARTESIAN_POINT('',(-1.64,2.65,1.2));
#4321=AXIS2_PLACEMENT_3D('',#4996,#4997,#4998);
#4322=CARTESIAN_POINT('',(-1.64,1.65000000000015,1.2));
#4323=CARTESIAN_POINT('',(-1.64,1.65000000000015,1.2));
#4324=VECTOR('',#4999,1.0);
#4325=AXIS2_PLACEMENT_3D('',#5000,#5001,#5002);
#4326=CARTESIAN_POINT('',(-1.64,2.65,0.950000000000001));
#4327=CARTESIAN_POINT('',(-1.64,2.65,1.2));
#4328=VECTOR('',#5003,1.0);
#4329=CARTESIAN_POINT('',(-1.64,2.65,0.950000000000001));
#4330=VECTOR('',#5004,1.0);
#4331=CARTESIAN_POINT('',(-1.64,2.45,0.45));
#4332=CARTESIAN_POINT('',(-1.64,1.65,0.449999999999999));
#4333=VECTOR('',#5005,1.0);
#4334=CARTESIAN_POINT('',(-1.63999999999999,2.45,0.250000000000001));
#4335=CARTESIAN_POINT('',(-1.64,2.45,1.2));
#4336=VECTOR('',#5006,1.0);
#4337=CARTESIAN_POINT('',(-1.63999999999999,1.75000000000001,0.250000000000001));
#4338=CARTESIAN_POINT('',(-1.64,1.65,0.250000000000001));
#4339=VECTOR('',#5007,1.0);
#4340=CARTESIAN_POINT('',(-1.64,1.75000000000001,0.45));
#4341=CARTESIAN_POINT('',(-1.64,1.75000000000001,1.2));
#4342=VECTOR('',#5008,1.0);
#4343=CARTESIAN_POINT('',(-1.64,1.65,0.45));
#4344=CARTESIAN_POINT('',(-1.64,1.65,0.45));
#4345=VECTOR('',#5009,1.0);
#4346=CARTESIAN_POINT('',(-1.64,1.65,1.2));
#4347=VECTOR('',#5010,1.0);
#4348=CARTESIAN_POINT('',(-1.73999999999999,1.75000000000001,0.150000000000001));
#4349=CARTESIAN_POINT('',(-1.73999999999999,2.45,0.150000000000001));
#4350=CARTESIAN_POINT('',(-1.73999999999999,1.65000000000015,0.150000000000001));
#4351=VECTOR('',#5011,1.0);
#4352=AXIS2_PLACEMENT_3D('',#5012,#5013,#5014);
#4353=AXIS2_PLACEMENT_3D('',#5015,#5016,#5017);
#4354=CARTESIAN_POINT('',(-1.74,1.75000000000001,0.150000000000001));
#4355=VECTOR('',#5018,1.0);
#4356=CARTESIAN_POINT('',(-1.74,2.45,0.150000000000001));
#4357=VECTOR('',#5019,1.0);
#4358=CARTESIAN_POINT('',(3.2575,1.65,0.45));
#4359=VECTOR('',#5020,1.0);
#4360=CARTESIAN_POINT('',(3.2575,2.45,0.45));
#4361=VECTOR('',#5021,1.0);
#4362=CARTESIAN_POINT('',(3.2575,1.75000000000001,0.45));
#4363=VECTOR('',#5022,1.0);
#4364=CARTESIAN_POINT('',(-1.64,2.65,0.950000000000001));
#4365=VECTOR('',#5023,1.0);
#4366=CARTESIAN_POINT('',(1.34,2.65,1.3));
#4367=AXIS2_PLACEMENT_3D('',#5024,#5025,#5026);
#4368=CARTESIAN_POINT('',(1.34,1.64999999999985,1.3));
#4369=AXIS2_PLACEMENT_3D('',#5027,#5028,#5029);
#4370=CARTESIAN_POINT('',(1.34,1.64999999999985,1.3));
#4371=VECTOR('',#5030,1.0);
#4372=CARTESIAN_POINT('',(1.02,2.65,1.3));
#4373=CARTESIAN_POINT('',(1.34,2.65,1.3));
#4374=VECTOR('',#5031,1.0);
#4375=CARTESIAN_POINT('',(1.02,1.64999999999998,1.3));
#4376=CARTESIAN_POINT('',(1.34,1.64999999999998,1.3));
#4377=VECTOR('',#5032,1.0);
#4378=CARTESIAN_POINT('',(1.02,1.64999999999998,1.3));
#4379=VECTOR('',#5033,1.0);
#4380=CARTESIAN_POINT('',(1.02,2.65,1.5));
#4381=CARTESIAN_POINT('',(1.02,2.65,1.3));
#4382=VECTOR('',#5034,1.0);
#4383=CARTESIAN_POINT('',(1.02,1.64999999999998,1.5));
#4384=CARTESIAN_POINT('',(1.02,1.64999999999998,1.3));
#4385=VECTOR('',#5035,1.0);
#4386=CARTESIAN_POINT('',(1.02,1.64999999999998,1.5));
#4387=VECTOR('',#5036,1.0);
#4388=CARTESIAN_POINT('',(1.34,2.65,1.5));
#4389=CARTESIAN_POINT('',(1.02,2.65,1.5));
#4390=VECTOR('',#5037,1.0);
#4391=CARTESIAN_POINT('',(1.34,1.64999999999998,1.5));
#4392=CARTESIAN_POINT('',(1.02,1.64999999999998,1.5));
#4393=VECTOR('',#5038,1.0);
#4394=CARTESIAN_POINT('',(1.34,1.64999999999998,1.5));
#4395=VECTOR('',#5039,1.0);
#4396=AXIS2_PLACEMENT_3D('',#5040,#5041,#5042);
#4397=AXIS2_PLACEMENT_3D('',#5043,#5044,#5045);
#4398=CARTESIAN_POINT('',(-3.2575,1.65,0.45));
#4399=VECTOR('',#5046,1.0);
#4400=CARTESIAN_POINT('',(-3.2575,2.45,0.45));
#4401=VECTOR('',#5047,1.0);
#4402=CARTESIAN_POINT('',(-3.2575,1.75000000000001,0.45));
#4403=VECTOR('',#5048,1.0);
#4404=CARTESIAN_POINT('',(1.64,2.65,0.950000000000001));
#4405=VECTOR('',#5049,1.0);
#4406=CARTESIAN_POINT('',(-0.285,1.85,1.1));
#4407=CARTESIAN_POINT('',(-0.285,1.85,1.1));
#4408=VECTOR('',#5050,1.0);
#4409=CARTESIAN_POINT('',(-0.285,1.85,1.1));
#4410=VECTOR('',#5051,1.0);
#4411=CARTESIAN_POINT('',(-0.285,1.75,1.1));
#4412=CARTESIAN_POINT('',(-0.285,1.6,1.18));
#4413=VECTOR('',#5052,1.0);
#4414=CARTESIAN_POINT('',(-0.285,1.75,1.1));
#4415=VECTOR('',#5053,1.0);
#4416=CARTESIAN_POINT('',(-0.285,1.75,1.1));
#4417=VECTOR('',#5054,1.0);
#4418=CARTESIAN_POINT('',(0.1,3.5,0.05));
#4419=CARTESIAN_POINT('',(0.1,3.5,0.05));
#4420=VECTOR('',#5055,1.0);
#4421=CARTESIAN_POINT('',(0.7,3.5,0.05));
#4422=CARTESIAN_POINT('',(0.7,3.5,0.05));
#4423=VECTOR('',#5056,1.0);
#4424=CARTESIAN_POINT('',(0.7,3.5,0.05));
#4425=VECTOR('',#5057,1.0);
#4426=CARTESIAN_POINT('',(0.5,4.02,0.3));
#4427=CARTESIAN_POINT('',(0.5,3.65,0.3));
#4428=CARTESIAN_POINT('',(0.5,4.1,0.3));
#4429=VECTOR('',#5058,1.0);
#4430=CARTESIAN_POINT('',(0.3,4.02,0.3));
#4431=CARTESIAN_POINT('',(0.7,4.02,0.3));
#4432=VECTOR('',#5059,1.0);
#4433=CARTESIAN_POINT('',(0.3,3.65,0.3));
#4434=CARTESIAN_POINT('',(0.3,4.1,0.3));
#4435=VECTOR('',#5060,1.0);
#4436=CARTESIAN_POINT('',(0.1,3.65,0.3));
#4437=CARTESIAN_POINT('',(0.7,3.65,0.3));
#4438=VECTOR('',#5061,1.0);
#4439=CARTESIAN_POINT('',(0.1,4.1,0.3));
#4440=VECTOR('',#5062,1.0);
#4441=CARTESIAN_POINT('',(0.7,3.65,0.3));
#4442=CARTESIAN_POINT('',(0.7,4.1,0.3));
#4443=VECTOR('',#5063,1.0);
#4444=CARTESIAN_POINT('',(0.7,3.65,0.3));
#4445=VECTOR('',#5064,1.0);
#4446=CARTESIAN_POINT('',(0.5,3.65,0.2));
#4447=CARTESIAN_POINT('',(0.5,3.65,0.3));
#4448=VECTOR('',#5065,1.0);
#4449=CARTESIAN_POINT('',(0.7,3.65,0.125));
#4450=CARTESIAN_POINT('',(0.7,3.65,0.3));
#4451=VECTOR('',#5066,1.0);
#4452=CARTESIAN_POINT('',(0.1,3.65,0.125));
#4453=CARTESIAN_POINT('',(0.7,3.65,0.125));
#4454=VECTOR('',#5067,1.0);
#4455=CARTESIAN_POINT('',(0.1,3.65,0.3));
#4456=VECTOR('',#5068,1.0);
#4457=CARTESIAN_POINT('',(0.3,3.65,0.2));
#4458=CARTESIAN_POINT('',(0.3,3.65,0.3));
#4459=VECTOR('',#5069,1.0);
#4460=CARTESIAN_POINT('',(0.7,3.65,0.2));
#4461=VECTOR('',#5070,1.0);
#4462=CARTESIAN_POINT('',(0.1,3.65,0.125));
#4463=VECTOR('',#5071,1.0);
#4464=CARTESIAN_POINT('',(0.7,3.65,0.125));
#4465=VECTOR('',#5072,1.0);
#4466=CARTESIAN_POINT('',(0.3,3.72,0.2));
#4467=CARTESIAN_POINT('',(0.3,3.72,0.0500000000000003));
#4468=CARTESIAN_POINT('',(0.3,3.72,0.2));
#4469=VECTOR('',#5073,1.0);
#4470=CARTESIAN_POINT('',(0.5,3.72,0.0500000000000003));
#4471=CARTESIAN_POINT('',(0.5,3.72,0.0500000000000003));
#4472=VECTOR('',#5074,1.0);
#4473=CARTESIAN_POINT('',(0.5,3.72,0.2));
#4474=CARTESIAN_POINT('',(0.5,3.72,0.2));
#4475=VECTOR('',#5075,1.0);
#4476=CARTESIAN_POINT('',(0.5,3.72,0.2));
#4477=VECTOR('',#5076,1.0);
#4478=CARTESIAN_POINT('',(0.3,3.82,-0.0499999999999998));
#4479=CARTESIAN_POINT('',(0.3,3.72,0.0500000000000003));
#4480=VECTOR('',#5077,1.0);
#4481=CARTESIAN_POINT('',(0.5,3.82,-0.0499999999999998));
#4482=CARTESIAN_POINT('',(0.5,3.82,-0.0499999999999998));
#4483=VECTOR('',#5078,1.0);
#4484=CARTESIAN_POINT('',(0.5,3.72,0.0500000000000003));
#4485=VECTOR('',#5079,1.0);
#4486=CARTESIAN_POINT('',(0.3,4.02,-0.0499999999999997));
#4487=CARTESIAN_POINT('',(0.3,3.82,-0.0499999999999997));
#4488=VECTOR('',#5080,1.0);
#4489=CARTESIAN_POINT('',(0.5,4.02,-0.0499999999999997));
#4490=CARTESIAN_POINT('',(0.5,4.02,-0.0499999999999997));
#4491=VECTOR('',#5081,1.0);
#4492=CARTESIAN_POINT('',(0.5,3.82,-0.0499999999999997));
#4493=VECTOR('',#5082,1.0);
#4494=CARTESIAN_POINT('',(0.3,4.1,0.0300000000000003));
#4495=CARTESIAN_POINT('',(0.3,4.02,-0.0499999999999997));
#4496=VECTOR('',#5083,1.0);
#4497=CARTESIAN_POINT('',(0.5,4.1,0.0300000000000003));
#4498=CARTESIAN_POINT('',(0.5,4.1,0.0300000000000003));
#4499=VECTOR('',#5084,1.0);
#4500=CARTESIAN_POINT('',(0.5,4.02,-0.0499999999999997));
#4501=VECTOR('',#5085,1.0);
#4502=CARTESIAN_POINT('',(0.3,4.1,0.15));
#4503=CARTESIAN_POINT('',(0.3,4.1,0.0300000000000003));
#4504=VECTOR('',#5086,1.0);
#4505=CARTESIAN_POINT('',(0.5,4.1,0.15));
#4506=CARTESIAN_POINT('',(0.5,4.1,0.15));
#4507=VECTOR('',#5087,1.0);
#4508=CARTESIAN_POINT('',(0.5,4.1,0.0300000000000003));
#4509=VECTOR('',#5088,1.0);
#4510=CARTESIAN_POINT('',(0.3,4.02,0.15));
#4511=CARTESIAN_POINT('',(0.3,4.1,0.15));
#4512=VECTOR('',#5089,1.0);
#4513=CARTESIAN_POINT('',(0.5,4.02,0.15));
#4514=CARTESIAN_POINT('',(0.5,4.02,0.15));
#4515=VECTOR('',#5090,1.0);
#4516=CARTESIAN_POINT('',(0.5,4.1,0.15));
#4517=VECTOR('',#5091,1.0);
#4518=CARTESIAN_POINT('',(0.5,4.02,0.15));
#4519=VECTOR('',#5092,1.0);
#4520=CARTESIAN_POINT('',(0.5,1.95,0.2));
#4521=VECTOR('',#5093,1.0);
#4522=CARTESIAN_POINT('',(0.3,4.02,0.15));
#4523=VECTOR('',#5094,1.0);
#4524=CARTESIAN_POINT('',(0.3,1.95,0.2));
#4525=VECTOR('',#5095,1.0);
#4526=CARTESIAN_POINT('',(0.3,1.95,1.09196152422707));
#4527=CARTESIAN_POINT('',(0.3,1.995,1.01401923788647));
#4528=AXIS2_PLACEMENT_3D('',#5096,#5097,#5098);
#4529=CARTESIAN_POINT('',(0.5,1.995,1.01401923788647));
#4530=CARTESIAN_POINT('',(0.5,1.995,1.01401923788647));
#4531=VECTOR('',#5099,1.0);
#4532=CARTESIAN_POINT('',(0.5,1.95,1.09196152422707));
#4533=AXIS2_PLACEMENT_3D('',#5100,#5101,#5102);
#4534=CARTESIAN_POINT('',(0.5,1.95,1.09196152422707));
#4535=VECTOR('',#5103,1.0);
#4536=CARTESIAN_POINT('',(0.3,2.05392304845413,0.98));
#4537=CARTESIAN_POINT('',(0.3,1.995,1.01401923788647));
#4538=VECTOR('',#5104,1.0);
#4539=CARTESIAN_POINT('',(0.5,2.05392304845413,0.98));
#4540=CARTESIAN_POINT('',(0.5,2.05392304845413,0.98));
#4541=VECTOR('',#5105,1.0);
#4542=CARTESIAN_POINT('',(0.5,1.995,1.01401923788647));
#4543=VECTOR('',#5106,1.0);
#4544=CARTESIAN_POINT('',(0.3,2.23,0.98));
#4545=CARTESIAN_POINT('',(0.3,2.05392304845413,0.98));
#4546=VECTOR('',#5107,1.0);
#4547=CARTESIAN_POINT('',(0.5,2.23,0.98));
#4548=CARTESIAN_POINT('',(0.5,2.23,0.98));
#4549=VECTOR('',#5108,1.0);
#4550=CARTESIAN_POINT('',(0.5,2.05392304845413,0.98));
#4551=VECTOR('',#5109,1.0);
#4552=CARTESIAN_POINT('',(0.3,2.23844332774281,0.993333333333333));
#4553=AXIS2_PLACEMENT_3D('',#5110,#5111,#5112);
#4554=CARTESIAN_POINT('',(0.5,2.23844332774281,0.993333333333333));
#4555=CARTESIAN_POINT('',(0.5,2.23844332774281,0.993333333333333));
#4556=VECTOR('',#5113,1.0);
#4557=AXIS2_PLACEMENT_3D('',#5114,#5115,#5116);
#4558=CARTESIAN_POINT('',(0.3,2.28162199911082,1.01998912048274));
#4559=AXIS2_PLACEMENT_3D('',#5117,#5118,#5119);
#4560=CARTESIAN_POINT('',(0.5,2.28162199911082,1.01998912048274));
#4561=CARTESIAN_POINT('',(0.5,2.28162199911082,1.01998912048274));
#4562=VECTOR('',#5120,1.0);
#4563=AXIS2_PLACEMENT_3D('',#5121,#5122,#5123);
#4564=CARTESIAN_POINT('',(0.3,1.95,1.33));
#4565=VECTOR('',#5124,1.0);
#4566=CARTESIAN_POINT('',(0.3,2.28162199911082,1.01998912048274));
#4567=VECTOR('',#5125,1.0);
#4568=CARTESIAN_POINT('',(0.5,1.95,1.33));
#4569=VECTOR('',#5126,1.0);
#4570=CARTESIAN_POINT('',(0.5,2.28162199911082,1.01998912048274));
#4571=VECTOR('',#5127,1.0);
#4572=CARTESIAN_POINT('',(0.3,1.95,0.280000000000001));
#4573=CARTESIAN_POINT('',(0.3,1.95,0.28));
#4574=VECTOR('',#5128,1.0);
#4575=CARTESIAN_POINT('',(0.5,1.95,0.280000000000001));
#4576=CARTESIAN_POINT('',(0.5,1.95,0.28));
#4577=VECTOR('',#5129,1.0);
#4578=CARTESIAN_POINT('',(0.5,1.95,0.280000000000001));
#4579=VECTOR('',#5130,1.0);
#4580=CARTESIAN_POINT('',(0.5,2.34,0.4));
#4581=CARTESIAN_POINT('',(0.5,3.72,0.4));
#4582=VECTOR('',#5131,1.0);
#4583=CARTESIAN_POINT('',(0.5,2.3,0.44));
#4584=CARTESIAN_POINT('',(0.5,2.34,0.4));
#4585=VECTOR('',#5132,1.0);
#4586=CARTESIAN_POINT('',(0.5,2.1,0.44));
#4587=CARTESIAN_POINT('',(0.5,2.3,0.44));
#4588=VECTOR('',#5133,1.0);
#4589=CARTESIAN_POINT('',(0.5,1.9795378897993,0.342077173212806));
#4590=CARTESIAN_POINT('',(0.5,2.1,0.44));
#4591=VECTOR('',#5134,1.0);
#4592=AXIS2_PLACEMENT_3D('',#5135,#5136,#5137);
#4593=CARTESIAN_POINT('',(0.3,1.9795378897993,0.342077173212806));
#4594=AXIS2_PLACEMENT_3D('',#5138,#5139,#5140);
#4595=CARTESIAN_POINT('',(0.3,2.1,0.44));
#4596=CARTESIAN_POINT('',(0.3,2.1,0.44));
#4597=VECTOR('',#5141,1.0);
#4598=CARTESIAN_POINT('',(0.3,2.3,0.44));
#4599=CARTESIAN_POINT('',(0.3,2.3,0.44));
#4600=VECTOR('',#5142,1.0);
#4601=CARTESIAN_POINT('',(0.3,2.34,0.4));
#4602=CARTESIAN_POINT('',(0.3,2.34,0.4));
#4603=VECTOR('',#5143,1.0);
#4604=CARTESIAN_POINT('',(0.3,3.72,0.4));
#4605=VECTOR('',#5144,1.0);
#4606=CARTESIAN_POINT('',(0.5,1.9795378897993,0.342077173212806));
#4607=VECTOR('',#5145,1.0);
#4608=CARTESIAN_POINT('',(0.5,2.34,0.4));
#4609=VECTOR('',#5146,1.0);
#4610=CARTESIAN_POINT('',(0.5,2.3,0.44));
#4611=VECTOR('',#5147,1.0);
#4612=CARTESIAN_POINT('',(0.5,2.1,0.44));
#4613=VECTOR('',#5148,1.0);
#4614=CARTESIAN_POINT('',(0.285,1.85,1.1));
#4615=CARTESIAN_POINT('',(0.285,1.85,1.1));
#4616=VECTOR('',#5149,1.0);
#4617=CARTESIAN_POINT('',(0.285,1.75,1.1));
#4618=CARTESIAN_POINT('',(0.285,1.75,1.1));
#4619=VECTOR('',#5150,1.0);
#4620=CARTESIAN_POINT('',(0.285,1.6,1.18));
#4621=VECTOR('',#5151,1.0);
#4622=CARTESIAN_POINT('',(0.515,1.85,1.1));
#4623=VECTOR('',#5152,1.0);
#4624=CARTESIAN_POINT('',(0.515,1.75,1.1));
#4625=VECTOR('',#5153,1.0);
#4626=DIRECTION('',(1.0,-6.88934418064345E-31,-5.5600111409513E-16));
#4627=DIRECTION('',(0.0,1.0,0.0));
#4628=DIRECTION('',(-1.0,0.0,5.5600111409513E-16));
#4629=DIRECTION('',(0.0,1.0,0.0));
#4630=DIRECTION('',(1.0,-6.88934418064345E-31,-5.5600111409513E-16));
#4631=DIRECTION('',(0.0,-1.0,0.0));
#4632=DIRECTION('',(1.0,0.0,-5.5600111409513E-16));
#4633=DIRECTION('',(0.0,1.0,0.0));
#4634=DIRECTION('',(-1.0,5.0648754479619E-31,5.5600111409513E-16));
#4635=DIRECTION('',(0.0,1.0,0.0));
#4636=DIRECTION('',(1.0,0.0,-5.5600111409513E-16));
#4637=DIRECTION('',(0.0,1.0,0.0));
#4638=DIRECTION('',(-1.0,5.0648754479619E-31,5.5600111409513E-16));
#4639=DIRECTION('',(0.0,1.0,0.0));
#4640=DIRECTION('',(1.0,0.0,-5.5600111409513E-16));
#4641=DIRECTION('',(0.0,-1.0,0.0));
#4642=DIRECTION('',(0.0,-0.928476690885259,0.371390676354104));
#4643=DIRECTION('',(1.0,0.0,-5.5600111409513E-16));
#4644=DIRECTION('',(0.0,-0.928476690885259,0.371390676354104));
#4645=DIRECTION('',(0.0,0.0,1.0));
#4646=DIRECTION('',(0.0,1.0,0.0));
#4647=DIRECTION('',(0.0,0.0,1.0));
#4648=DIRECTION('',(0.0,1.0,1.39397422176707E-15));
#4649=DIRECTION('',(0.0,0.0,1.0));
#4650=DIRECTION('',(0.0,1.0,0.0));
#4651=DIRECTION('',(0.0,0.0,-1.0));
#4652=DIRECTION('',(0.0,1.0,0.0));
#4653=DIRECTION('',(0.0,0.0,1.0));
#4654=DIRECTION('',(0.0,1.0,0.0));
#4655=DIRECTION('',(0.0,1.0,0.0));
#4656=DIRECTION('',(0.0,0.0,-1.0));
#4657=DIRECTION('',(0.0,1.0,0.0));
#4658=DIRECTION('',(0.0,0.0,1.0));
#4659=DIRECTION('',(1.0,0.0,0.0));
#4660=DIRECTION('',(0.0,1.0,0.0));
#4661=DIRECTION('',(1.0,0.0,0.0));
#4662=CARTESIAN_POINT('',(1.74,1.75000000000001,0.250000000000001));
#4663=DIRECTION('',(0.0,-1.0,0.0));
#4664=DIRECTION('',(0.0,0.0,-1.0));
#4665=CARTESIAN_POINT('',(1.74,2.45,0.250000000000001));
#4666=DIRECTION('',(0.0,1.0,0.0));
#4667=DIRECTION('',(0.0,0.0,1.0));
#4668=DIRECTION('',(0.0,0.0,-1.0));
#4669=DIRECTION('',(0.0,1.0,0.0));
#4670=DIRECTION('',(0.0,0.0,-1.0));
#4671=DIRECTION('',(0.0,-1.0,0.0));
#4672=DIRECTION('',(0.0,0.0,1.0));
#4673=DIRECTION('',(0.0,1.0,0.0));
#4674=DIRECTION('',(0.0,0.0,-1.0));
#4675=DIRECTION('',(0.0,-1.0,-1.39397422176707E-15));
#4676=DIRECTION('',(0.0,0.0,-1.0));
#4677=DIRECTION('',(0.0,1.0,0.0));
#4678=CARTESIAN_POINT('',(1.74,1.75000000000001,0.250000000000001));
#4679=DIRECTION('',(0.0,1.0,0.0));
#4680=DIRECTION('',(0.0,0.0,-1.0));
#4681=DIRECTION('',(0.0,1.0,0.0));
#4682=CARTESIAN_POINT('',(1.74,2.45,0.250000000000001));
#4683=DIRECTION('',(0.0,-1.0,0.0));
#4684=DIRECTION('',(0.0,0.0,1.0));
#4685=DIRECTION('',(-1.0,0.0,0.0));
#4686=DIRECTION('',(1.0,0.0,0.0));
#4687=DIRECTION('',(-1.0,0.0,-5.42101086242751E-16));
#4688=DIRECTION('',(1.0,0.0,0.0));
#4689=DIRECTION('',(0.0,0.0,-1.0));
#4690=DIRECTION('',(-1.0,0.0,5.42101086242752E-16));
#4691=DIRECTION('',(0.0,0.0,-1.0));
#4692=DIRECTION('',(-0.6,0.0,-0.8));
#4693=DIRECTION('',(1.0,0.0,0.0));
#4694=DIRECTION('',(0.0,0.0,-1.0));
#4695=DIRECTION('',(1.0,0.0,0.0));
#4696=DIRECTION('',(-3.09772049281572E-15,0.0,-1.0));
#4697=DIRECTION('',(1.0,0.0,0.0));
#4698=CARTESIAN_POINT('',(1.265,2.8,1.12));
#4699=DIRECTION('',(0.0,1.0,0.0));
#4700=DIRECTION('',(0.0,0.0,1.0));
#4701=DIRECTION('',(0.0,1.0,0.0));
#4702=DIRECTION('',(0.0,0.0,1.0));
#4703=DIRECTION('',(0.0,1.0,0.0));
#4704=DIRECTION('',(0.0,0.0,1.0));
#4705=DIRECTION('',(0.0,1.0,0.0));
#4706=DIRECTION('',(0.0,0.0,-1.0));
#4707=DIRECTION('',(0.0,1.0,0.0));
#4708=DIRECTION('',(0.0,0.0,1.0));
#4709=DIRECTION('',(0.0,1.0,1.39397422176707E-15));
#4710=DIRECTION('',(0.0,0.0,1.0));
#4711=CARTESIAN_POINT('',(-1.33999999999999,2.65,1.2));
#4712=DIRECTION('',(-0.0,1.0,0.0));
#4713=DIRECTION('',(1.0,0.0,0.0));
#4714=DIRECTION('',(0.0,1.0,0.0));
#4715=CARTESIAN_POINT('',(-1.33999999999999,1.65000000000015,1.2));
#4716=DIRECTION('',(-0.0,1.0,0.0));
#4717=DIRECTION('',(1.0,0.0,0.0));
#4718=DIRECTION('',(1.0,1.35525271560688E-15,0.0));
#4719=DIRECTION('',(0.0,1.0,0.0));
#4720=DIRECTION('',(1.0,2.3039296165317E-14,0.0));
#4721=DIRECTION('',(0.0,0.0,-1.0));
#4722=DIRECTION('',(0.0,1.0,0.0));
#4723=DIRECTION('',(0.0,0.0,1.0));
#4724=DIRECTION('',(0.0,1.0,0.0));
#4725=DIRECTION('',(0.0,1.0,0.0));
#4726=DIRECTION('',(-1.0,0.0,0.0));
#4727=DIRECTION('',(-1.0,0.0,0.0));
#4728=DIRECTION('',(0.0,0.0,-1.0));
#4729=DIRECTION('',(1.0,0.0,-5.42101086242751E-16));
#4730=DIRECTION('',(-1.0,0.0,0.0));
#4731=DIRECTION('',(-1.0,0.0,-5.42101086242752E-16));
#4732=DIRECTION('',(0.0,0.0,-1.0));
#4733=CARTESIAN_POINT('',(-1.265,2.8,1.12));
#4734=DIRECTION('',(0.0,1.0,0.0));
#4735=DIRECTION('',(0.0,0.0,1.0));
#4736=DIRECTION('',(1.0,0.0,0.0));
#4737=DIRECTION('',(-3.09772049281572E-15,0.0,1.0));
#4738=DIRECTION('',(1.0,0.0,0.0));
#4739=DIRECTION('',(0.0,0.0,-1.0));
#4740=DIRECTION('',(1.0,0.0,0.0));
#4741=DIRECTION('',(-0.599999999999999,0.0,0.800000000000001));
#4742=DIRECTION('',(0.0,0.0,1.0));
#4743=DIRECTION('',(-1.0,0.0,0.0));
#4744=DIRECTION('',(0.0,0.0,1.0));
#4745=DIRECTION('',(-1.0,0.0,0.0));
#4746=DIRECTION('',(0.0,0.0,1.0));
#4747=DIRECTION('',(-1.0,0.0,0.0));
#4748=DIRECTION('',(0.0,0.0,1.0));
#4749=DIRECTION('',(-1.0,0.0,0.0));
#4750=DIRECTION('',(0.0,0.0,1.0));
#4751=DIRECTION('',(-1.0,0.0,0.0));
#4752=DIRECTION('',(0.0,0.0,-1.0));
#4753=DIRECTION('',(-1.0,0.0,0.0));
#4754=DIRECTION('',(0.0,0.0,-1.0));
#4755=DIRECTION('',(-1.0,0.0,0.0));
#4756=DIRECTION('',(0.0,1.0,0.0));
#4757=DIRECTION('',(-3.33600668457079E-16,1.0,0.0));
#4758=DIRECTION('',(0.0,-1.0,0.0));
#4759=DIRECTION('',(1.0,0.0,0.0));
#4760=DIRECTION('',(0.0,-1.0,0.0));
#4761=DIRECTION('',(-3.33600668457079E-16,-1.0,0.0));
#4762=DIRECTION('',(0.0,1.0,0.0));
#4763=DIRECTION('',(-1.0,0.0,0.0));
#4764=DIRECTION('',(0.0,1.0,0.0));
#4765=DIRECTION('',(0.0,1.0,0.0));
#4766=DIRECTION('',(0.0,8.03112720359635E-16,-1.0));
#4767=DIRECTION('',(-1.0,0.0,0.0));
#4768=DIRECTION('',(0.0,8.03112720359635E-16,-1.0));
#4769=DIRECTION('',(-1.0,0.0,8.18265790555093E-16));
#4770=DIRECTION('',(-0.5633368246415,0.0,0.826227342807554));
#4771=DIRECTION('',(-1.0,0.0,0.0));
#4772=DIRECTION('',(0.0,0.0,1.0));
#4773=DIRECTION('',(1.0,0.0,0.0));
#4774=DIRECTION('',(0.0,0.0,1.0));
#4775=DIRECTION('',(-1.0,0.0,3.70911269534514E-16));
#4776=DIRECTION('',(-2.47817639425258E-15,0.0,-1.0));
#4777=DIRECTION('',(1.0,0.0,4.61362626589576E-16));
#4778=DIRECTION('',(0.0,0.0,-1.0));
#4779=DIRECTION('',(-1.0,0.0,0.0));
#4780=DIRECTION('',(-0.563336824641499,0.0,-0.826227342807555));
#4781=DIRECTION('',(-1.0,0.0,0.0));
#4782=DIRECTION('',(0.0,8.03112720359635E-16,-1.0));
#4783=DIRECTION('',(-1.0,0.0,0.0));
#4784=DIRECTION('',(0.0,-8.03112720359635E-16,1.0));
#4785=DIRECTION('',(1.0,-1.08420217248551E-15,0.0));
#4786=DIRECTION('',(0.0,0.0,1.0));
#4787=DIRECTION('',(1.0,0.0,0.0));
#4788=DIRECTION('',(-3.09772049281572E-15,0.0,1.0));
#4789=DIRECTION('',(1.0,0.0,0.0));
#4790=CARTESIAN_POINT('',(-1.265,1.6,1.12));
#4791=DIRECTION('',(-0.0,1.0,0.0));
#4792=DIRECTION('',(1.0,0.0,0.0));
#4793=DIRECTION('',(0.0,0.0,-1.0));
#4794=DIRECTION('',(-1.0,0.0,-5.42101086242752E-16));
#4795=DIRECTION('',(0.0,0.0,1.0));
#4796=DIRECTION('',(-0.599999999999999,0.0,0.800000000000001));
#4797=DIRECTION('',(-0.6,0.0,-0.8));
#4798=DIRECTION('',(0.0,0.0,-1.0));
#4799=DIRECTION('',(-1.0,0.0,5.42101086242752E-16));
#4800=DIRECTION('',(0.0,0.0,-1.0));
#4801=CARTESIAN_POINT('',(1.265,1.6,1.12));
#4802=DIRECTION('',(-0.0,1.0,0.0));
#4803=DIRECTION('',(1.0,0.0,0.0));
#4804=DIRECTION('',(1.0,0.0,0.0));
#4805=DIRECTION('',(-3.09772049281572E-15,0.0,-1.0));
#4806=DIRECTION('',(1.0,0.0,0.0));
#4807=DIRECTION('',(0.0,0.0,1.0));
#4808=DIRECTION('',(0.0,-1.0,0.0));
#4809=DIRECTION('',(0.0,-1.0,0.0));
#4810=DIRECTION('',(0.0,-1.0,0.0));
#4811=DIRECTION('',(0.0,-1.0,0.0));
#4812=DIRECTION('',(-3.33600668457079E-16,-1.0,0.0));
#4813=DIRECTION('',(-3.33600668457079E-16,1.0,0.0));
#4814=DIRECTION('',(0.0,-1.0,0.0));
#4815=DIRECTION('',(-1.0,1.0842021724855E-15,0.0));
#4816=DIRECTION('',(1.44560289664734E-15,1.0,0.0));
#4817=DIRECTION('',(0.0,-1.0,0.0));
#4818=DIRECTION('',(0.0,-1.0,0.0));
#4819=DIRECTION('',(0.0,1.0,0.0));
#4820=DIRECTION('',(0.0,0.0,1.0));
#4821=DIRECTION('',(0.0,1.0,0.0));
#4822=DIRECTION('',(0.0,1.0,0.0));
#4823=DIRECTION('',(-1.0,0.0,-4.61362626589576E-16));
#4824=DIRECTION('',(1.21940467809508E-15,0.870562838720134,0.492057256667902));
#4825=DIRECTION('',(0.0,1.0,0.0));
#4826=DIRECTION('',(2.47817639425258E-15,0.0,1.0));
#4827=DIRECTION('',(-1.0,0.0,3.70911269534514E-16));
#4828=DIRECTION('',(0.0,-1.0,0.0));
#4829=DIRECTION('',(1.0,0.0,-3.70911269534514E-16));
#4830=DIRECTION('',(0.0,-1.0,0.0));
#4831=DIRECTION('',(-1.0,0.0,3.70911269534514E-16));
#4832=DIRECTION('',(0.0,-1.0,0.0));
#4833=DIRECTION('',(1.0,0.0,-3.70911269534514E-16));
#4834=DIRECTION('',(0.0,-1.0,0.0));
#4835=DIRECTION('',(-1.0,0.0,3.70911269534514E-16));
#4836=DIRECTION('',(1.0,0.0,-3.70911269534514E-16));
#4837=DIRECTION('',(0.0,1.0,0.0));
#4838=DIRECTION('',(0.0,1.0,0.0));
#4839=DIRECTION('',(0.0,0.0,-1.0));
#4840=DIRECTION('',(0.0,-0.870562838720134,-0.492057256667902));
#4841=DIRECTION('',(0.0,1.0,0.0));
#4842=DIRECTION('',(-1.0,0.0,0.0));
#4843=DIRECTION('',(0.0,1.0,0.0));
#4844=DIRECTION('',(0.0,0.0,-1.0));
#4845=DIRECTION('',(0.0,1.0,0.0));
#4846=DIRECTION('',(1.0,0.0,0.0));
#4847=DIRECTION('',(1.0,0.0,0.0));
#4848=DIRECTION('',(0.0,1.0,0.0));
#4849=DIRECTION('',(0.0,0.0,1.0));
#4850=DIRECTION('',(0.5633368246415,0.0,-0.826227342807554));
#4851=DIRECTION('',(1.0,0.0,-8.18265790555093E-16));
#4852=DIRECTION('',(4.87890977618476E-14,0.0,1.0));
#4853=DIRECTION('',(0.0,0.0,1.0));
#4854=DIRECTION('',(-1.0,0.0,0.0));
#4855=DIRECTION('',(0.0,0.0,1.0));
#4856=DIRECTION('',(0.0,0.0,1.0));
#4857=DIRECTION('',(-1.0,0.0,0.0));
#4858=DIRECTION('',(0.0,0.0,1.0));
#4859=DIRECTION('',(0.0,0.0,-1.0));
#4860=DIRECTION('',(1.0,0.0,0.0));
#4861=DIRECTION('',(0.563336824641499,0.0,0.826227342807555));
#4862=DIRECTION('',(0.0,0.0,1.0));
#4863=DIRECTION('',(1.0,0.0,0.0));
#4864=DIRECTION('',(0.0,0.0,1.0));
#4865=DIRECTION('',(0.0,0.0,1.0));
#4866=DIRECTION('',(1.0,0.0,0.0));
#4867=DIRECTION('',(0.0,-1.0,0.0));
#4868=DIRECTION('',(0.0,0.88235294117647,-0.470588235294119));
#4869=DIRECTION('',(0.0,1.0,0.0));
#4870=DIRECTION('',(0.0,1.23908819712629E-15,1.0));
#4871=DIRECTION('',(0.0,1.0,0.0));
#4872=DIRECTION('',(0.0,1.23908819712629E-15,1.0));
#4873=DIRECTION('',(0.0,1.0,0.0));
#4874=DIRECTION('',(0.0,0.88235294117647,-0.470588235294119));
#4875=DIRECTION('',(0.0,1.0,0.0));
#4876=DIRECTION('',(0.0,1.0,0.0));
#4877=DIRECTION('',(0.0,1.0,0.0));
#4878=DIRECTION('',(0.0,1.0,0.0));
#4879=DIRECTION('',(0.0,1.0,0.0));
#4880=DIRECTION('',(0.0,1.0,0.0));
#4881=DIRECTION('',(0.0,1.0,0.0));
#4882=DIRECTION('',(0.0,1.0,0.0));
#4883=DIRECTION('',(0.0,1.0,0.0));
#4884=DIRECTION('',(0.0,1.0,0.0));
#4885=DIRECTION('',(0.0,1.0,0.0));
#4886=DIRECTION('',(0.0,0.0,-1.0));
#4887=DIRECTION('',(0.0,0.0,-1.0));
#4888=DIRECTION('',(-1.44560289664734E-15,-1.0,0.0));
#4889=DIRECTION('',(1.0,-1.0842021724855E-15,0.0));
#4890=DIRECTION('',(0.0,0.0,1.0));
#4891=DIRECTION('',(1.0,0.0,0.0));
#4892=DIRECTION('',(0.0,0.0,1.0));
#4893=DIRECTION('',(0.0,-1.0,-1.20466908053945E-16));
#4894=DIRECTION('',(-1.0,0.0,0.0));
#4895=DIRECTION('',(0.0,-1.0,-1.20466908053945E-16));
#4896=DIRECTION('',(1.0,0.0,0.0));
#4897=DIRECTION('',(0.0,1.0,1.20466908053945E-16));
#4898=DIRECTION('',(0.0,1.0,1.20466908053945E-16));
#4899=DIRECTION('',(1.0,0.0,0.0));
#4900=DIRECTION('',(0.0,0.0,-1.0));
#4901=DIRECTION('',(0.0,0.0,1.0));
#4902=DIRECTION('',(1.0,0.0,0.0));
#4903=DIRECTION('',(0.0,0.0,1.0));
#4904=DIRECTION('',(0.0,0.0,-1.0));
#4905=DIRECTION('',(1.0,0.0,0.0));
#4906=DIRECTION('',(0.0,0.894427190999915,0.447213595499959));
#4907=DIRECTION('',(0.0,0.894427190999915,0.447213595499959));
#4908=DIRECTION('',(0.0,0.0,-1.0));
#4909=DIRECTION('',(-1.0,0.0,0.0));
#4910=DIRECTION('',(0.0,0.0,-1.0));
#4911=DIRECTION('',(-1.0,0.0,0.0));
#4912=DIRECTION('',(0.0,0.707106781186548,-0.707106781186547));
#4913=DIRECTION('',(-1.0,0.0,0.0));
#4914=DIRECTION('',(0.0,0.707106781186548,-0.707106781186547));
#4915=DIRECTION('',(0.0,1.0,1.35525271560689E-16));
#4916=DIRECTION('',(-1.0,0.0,0.0));
#4917=DIRECTION('',(0.0,1.0,1.35525271560689E-16));
#4918=DIRECTION('',(0.0,0.707106781186549,0.707106781186546));
#4919=DIRECTION('',(-1.0,0.0,0.0));
#4920=DIRECTION('',(0.0,0.707106781186549,0.707106781186546));
#4921=DIRECTION('',(0.0,0.0,1.0));
#4922=DIRECTION('',(-1.0,0.0,0.0));
#4923=DIRECTION('',(0.0,0.0,1.0));
#4924=DIRECTION('',(0.0,-1.0,1.01643953670516E-15));
#4925=DIRECTION('',(-1.0,0.0,0.0));
#4926=DIRECTION('',(0.0,-1.0,1.01643953670516E-15));
#4927=DIRECTION('',(0.0,0.0,1.0));
#4928=DIRECTION('',(0.0,1.0,-4.59407700205722E-17));
#4929=DIRECTION('',(0.0,0.0,1.0));
#4930=DIRECTION('',(0.0,1.0,-4.59407700205722E-17));
#4931=CARTESIAN_POINT('',(-0.5,2.04,1.09196152422707));
#4932=DIRECTION('',(1.0,0.0,0.0));
#4933=DIRECTION('',(0.0,1.0,0.0));
#4934=DIRECTION('',(-1.0,0.0,0.0));
#4935=CARTESIAN_POINT('',(-0.3,2.04,1.09196152422707));
#4936=DIRECTION('',(1.0,0.0,0.0));
#4937=DIRECTION('',(0.0,1.0,0.0));
#4938=DIRECTION('',(-1.0,0.0,0.0));
#4939=DIRECTION('',(0.0,0.86602540378444,-0.499999999999998));
#4940=DIRECTION('',(-1.0,0.0,0.0));
#4941=DIRECTION('',(0.0,0.86602540378444,-0.499999999999998));
#4942=DIRECTION('',(0.0,1.0,0.0));
#4943=DIRECTION('',(-1.0,0.0,0.0));
#4944=DIRECTION('',(0.0,1.0,0.0));
#4945=CARTESIAN_POINT('',(-0.5,2.15000000000004,1.03999999999998));
#4946=DIRECTION('',(1.0,0.0,0.0));
#4947=DIRECTION('',(0.0,1.0,0.0));
#4948=DIRECTION('',(-1.0,0.0,0.0));
#4949=CARTESIAN_POINT('',(-0.3,2.15000000000004,1.03999999999998));
#4950=DIRECTION('',(1.0,0.0,0.0));
#4951=DIRECTION('',(0.0,1.0,0.0));
#4952=CARTESIAN_POINT('',(-0.5,2.28266499161422,0.97));
#4953=DIRECTION('',(-1.0,0.0,0.0));
#4954=DIRECTION('',(0.0,1.0,0.0));
#4955=DIRECTION('',(-1.0,0.0,0.0));
#4956=CARTESIAN_POINT('',(-0.3,2.28266499161422,0.97));
#4957=DIRECTION('',(-1.0,0.0,0.0));
#4958=DIRECTION('',(0.0,1.0,0.0));
#4959=DIRECTION('',(0.0,-9.1094699624924E-16,-1.0));
#4960=DIRECTION('',(0.0,0.999782409654792,0.0208598500679779));
#4961=DIRECTION('',(0.0,-9.1094699624924E-16,-1.0));
#4962=DIRECTION('',(0.0,0.999782409654792,0.0208598500679779));
#4963=DIRECTION('',(0.0,0.0,-1.0));
#4964=DIRECTION('',(0.0,0.0,-1.0));
#4965=DIRECTION('',(-1.0,0.0,0.0));
#4966=DIRECTION('',(0.0,-1.0,-2.35696124453371E-16));
#4967=DIRECTION('',(0.0,-0.707106781186549,0.707106781186546));
#4968=DIRECTION('',(0.0,-1.0,0.0));
#4969=DIRECTION('',(0.0,-0.775964665160069,-0.630776377508719));
#4970=CARTESIAN_POINT('',(-0.3,2.03,0.280000000000001));
#4971=DIRECTION('',(1.0,0.0,0.0));
#4972=DIRECTION('',(0.0,1.0,0.0));
#4973=CARTESIAN_POINT('',(-0.5,2.03,0.280000000000001));
#4974=DIRECTION('',(1.0,0.0,0.0));
#4975=DIRECTION('',(0.0,1.0,0.0));
#4976=DIRECTION('',(0.0,-0.775964665160069,-0.630776377508719));
#4977=DIRECTION('',(0.0,-1.0,0.0));
#4978=DIRECTION('',(0.0,-0.707106781186549,0.707106781186546));
#4979=DIRECTION('',(0.0,-1.0,-2.35696124453371E-16));
#4980=DIRECTION('',(-1.0,0.0,0.0));
#4981=DIRECTION('',(-1.0,0.0,0.0));
#4982=DIRECTION('',(-1.0,0.0,0.0));
#4983=DIRECTION('',(-1.0,0.0,0.0));
#4984=CARTESIAN_POINT('',(-1.73999999999999,1.75000000000001,0.25));
#4985=DIRECTION('',(0.0,1.0,0.0));
#4986=DIRECTION('',(0.0,0.0,1.0));
#4987=CARTESIAN_POINT('',(-1.73999999999999,2.45,0.25));
#4988=DIRECTION('',(0.0,-1.0,0.0));
#4989=DIRECTION('',(0.0,0.0,-1.0));
#4990=DIRECTION('',(0.0,0.0,1.0));
#4991=DIRECTION('',(0.0,1.0,0.0));
#4992=DIRECTION('',(0.0,0.0,1.0));
#4993=DIRECTION('',(-1.0,-1.35525271560688E-15,0.0));
#4994=DIRECTION('',(0.0,1.0,0.0));
#4995=DIRECTION('',(-1.0,-2.3039296165317E-14,0.0));
#4996=CARTESIAN_POINT('',(-1.33999999999999,2.65,1.2));
#4997=DIRECTION('',(0.0,-1.0,0.0));
#4998=DIRECTION('',(1.0,0.0,0.0));
#4999=DIRECTION('',(0.0,1.0,0.0));
#5000=CARTESIAN_POINT('',(-1.33999999999999,1.65000000000015,1.2));
#5001=DIRECTION('',(-0.0,1.0,0.0));
#5002=DIRECTION('',(1.0,0.0,0.0));
#5003=DIRECTION('',(0.0,0.0,-1.0));
#5004=DIRECTION('',(0.0,1.0,0.0));
#5005=DIRECTION('',(0.0,-1.0,-1.39397422176707E-15));
#5006=DIRECTION('',(0.0,0.0,-1.0));
#5007=DIRECTION('',(0.0,1.0,0.0));
#5008=DIRECTION('',(0.0,0.0,1.0));
#5009=DIRECTION('',(0.0,-1.0,0.0));
#5010=DIRECTION('',(0.0,0.0,-1.0));
#5011=DIRECTION('',(0.0,1.0,0.0));
#5012=CARTESIAN_POINT('',(-1.73999999999999,1.75000000000001,0.250000000000001));
#5013=DIRECTION('',(0.0,-1.0,0.0));
#5014=DIRECTION('',(0.0,0.0,1.0));
#5015=CARTESIAN_POINT('',(-1.73999999999999,2.45,0.250000000000001));
#5016=DIRECTION('',(0.0,1.0,0.0));
#5017=DIRECTION('',(0.0,0.0,-1.0));
#5018=DIRECTION('',(1.0,0.0,0.0));
#5019=DIRECTION('',(-1.0,0.0,0.0));
#5020=DIRECTION('',(-1.0,0.0,0.0));
#5021=DIRECTION('',(1.0,0.0,0.0));
#5022=DIRECTION('',(1.0,0.0,0.0));
#5023=DIRECTION('',(-1.0,0.0,5.42101086242751E-16));
#5024=CARTESIAN_POINT('',(1.34,2.65,1.2));
#5025=DIRECTION('',(0.0,-1.0,0.0));
#5026=DIRECTION('',(-1.0,0.0,0.0));
#5027=CARTESIAN_POINT('',(1.34,1.64999999999985,1.2));
#5028=DIRECTION('',(0.0,-1.0,0.0));
#5029=DIRECTION('',(-1.0,0.0,0.0));
#5030=DIRECTION('',(0.0,1.0,0.0));
#5031=DIRECTION('',(-1.0,-1.35525271560688E-15,0.0));
#5032=DIRECTION('',(-1.0,-2.3039296165317E-14,0.0));
#5033=DIRECTION('',(0.0,1.0,0.0));
#5034=DIRECTION('',(0.0,0.0,1.0));
#5035=DIRECTION('',(0.0,0.0,1.0));
#5036=DIRECTION('',(0.0,1.0,0.0));
#5037=DIRECTION('',(1.0,1.35525271560688E-15,0.0));
#5038=DIRECTION('',(1.0,2.3039296165317E-14,0.0));
#5039=DIRECTION('',(0.0,1.0,0.0));
#5040=CARTESIAN_POINT('',(1.34,2.65,1.2));
#5041=DIRECTION('',(0.0,1.0,0.0));
#5042=DIRECTION('',(-1.0,0.0,0.0));
#5043=CARTESIAN_POINT('',(1.34,1.64999999999985,1.2));
#5044=DIRECTION('',(0.0,-1.0,0.0));
#5045=DIRECTION('',(-1.0,0.0,0.0));
#5046=DIRECTION('',(1.0,0.0,0.0));
#5047=DIRECTION('',(-1.0,0.0,0.0));
#5048=DIRECTION('',(-1.0,0.0,0.0));
#5049=DIRECTION('',(1.0,0.0,5.42101086242751E-16));
#5050=DIRECTION('',(0.0,1.23908819712629E-15,1.0));
#5051=DIRECTION('',(-1.0,0.0,0.0));
#5052=DIRECTION('',(0.0,0.88235294117647,-0.470588235294119));
#5053=DIRECTION('',(0.0,1.0,0.0));
#5054=DIRECTION('',(-1.0,0.0,0.0));
#5055=DIRECTION('',(0.0,0.0,-1.0));
#5056=DIRECTION('',(-1.0,0.0,0.0));
#5057=DIRECTION('',(0.0,0.0,-1.0));
#5058=DIRECTION('',(0.0,-1.0,-1.20466908053945E-16));
#5059=DIRECTION('',(-1.0,0.0,0.0));
#5060=DIRECTION('',(0.0,-1.0,-1.20466908053945E-16));
#5061=DIRECTION('',(-1.0,0.0,0.0));
#5062=DIRECTION('',(0.0,-1.0,-1.20466908053945E-16));
#5063=DIRECTION('',(0.0,-1.0,-1.20466908053945E-16));
#5064=DIRECTION('',(-1.0,0.0,0.0));
#5065=DIRECTION('',(0.0,0.0,-1.0));
#5066=DIRECTION('',(0.0,0.0,-1.0));
#5067=DIRECTION('',(-1.0,0.0,0.0));
#5068=DIRECTION('',(0.0,0.0,-1.0));
#5069=DIRECTION('',(0.0,0.0,-1.0));
#5070=DIRECTION('',(1.0,0.0,0.0));
#5071=DIRECTION('',(0.0,-0.894427190999915,-0.447213595499959));
#5072=DIRECTION('',(0.0,-0.894427190999915,-0.447213595499959));
#5073=DIRECTION('',(0.0,0.0,-1.0));
#5074=DIRECTION('',(-1.0,0.0,0.0));
#5075=DIRECTION('',(0.0,0.0,-1.0));
#5076=DIRECTION('',(-1.0,0.0,0.0));
#5077=DIRECTION('',(0.0,0.707106781186548,-0.707106781186547));
#5078=DIRECTION('',(-1.0,0.0,0.0));
#5079=DIRECTION('',(0.0,0.707106781186548,-0.707106781186547));
#5080=DIRECTION('',(0.0,1.0,1.35525271560689E-16));
#5081=DIRECTION('',(-1.0,0.0,0.0));
#5082=DIRECTION('',(0.0,1.0,1.35525271560689E-16));
#5083=DIRECTION('',(0.0,0.707106781186549,0.707106781186546));
#5084=DIRECTION('',(-1.0,0.0,0.0));
#5085=DIRECTION('',(0.0,0.707106781186549,0.707106781186546));
#5086=DIRECTION('',(0.0,0.0,1.0));
#5087=DIRECTION('',(-1.0,0.0,0.0));
#5088=DIRECTION('',(0.0,0.0,1.0));
#5089=DIRECTION('',(0.0,-1.0,1.01643953670516E-15));
#5090=DIRECTION('',(-1.0,0.0,0.0));
#5091=DIRECTION('',(0.0,-1.0,1.01643953670516E-15));
#5092=DIRECTION('',(0.0,0.0,1.0));
#5093=DIRECTION('',(0.0,1.0,-4.59407700205722E-17));
#5094=DIRECTION('',(0.0,0.0,1.0));
#5095=DIRECTION('',(0.0,1.0,-4.59407700205722E-17));
#5096=CARTESIAN_POINT('',(0.3,2.04,1.09196152422707));
#5097=DIRECTION('',(1.0,0.0,0.0));
#5098=DIRECTION('',(0.0,1.0,0.0));
#5099=DIRECTION('',(-1.0,0.0,0.0));
#5100=CARTESIAN_POINT('',(0.5,2.04,1.09196152422707));
#5101=DIRECTION('',(1.0,0.0,0.0));
#5102=DIRECTION('',(0.0,1.0,0.0));
#5103=DIRECTION('',(-1.0,0.0,0.0));
#5104=DIRECTION('',(0.0,0.86602540378444,-0.499999999999998));
#5105=DIRECTION('',(-1.0,0.0,0.0));
#5106=DIRECTION('',(0.0,0.86602540378444,-0.499999999999998));
#5107=DIRECTION('',(0.0,1.0,0.0));
#5108=DIRECTION('',(-1.0,0.0,0.0));
#5109=DIRECTION('',(0.0,1.0,0.0));
#5110=CARTESIAN_POINT('',(0.3,2.15000000000004,1.03999999999998));
#5111=DIRECTION('',(1.0,0.0,0.0));
#5112=DIRECTION('',(0.0,1.0,0.0));
#5113=DIRECTION('',(-1.0,0.0,0.0));
#5114=CARTESIAN_POINT('',(0.5,2.15000000000004,1.03999999999998));
#5115=DIRECTION('',(1.0,0.0,0.0));
#5116=DIRECTION('',(0.0,1.0,0.0));
#5117=CARTESIAN_POINT('',(0.3,2.28266499161422,0.97));
#5118=DIRECTION('',(-1.0,0.0,0.0));
#5119=DIRECTION('',(0.0,1.0,0.0));
#5120=DIRECTION('',(-1.0,0.0,0.0));
#5121=CARTESIAN_POINT('',(0.5,2.28266499161422,0.97));
#5122=DIRECTION('',(-1.0,0.0,0.0));
#5123=DIRECTION('',(0.0,1.0,0.0));
#5124=DIRECTION('',(0.0,-9.1094699624924E-16,-1.0));
#5125=DIRECTION('',(0.0,0.999782409654792,0.0208598500679779));
#5126=DIRECTION('',(0.0,-9.1094699624924E-16,-1.0));
#5127=DIRECTION('',(0.0,0.999782409654792,0.0208598500679779));
#5128=DIRECTION('',(0.0,0.0,-1.0));
#5129=DIRECTION('',(0.0,0.0,-1.0));
#5130=DIRECTION('',(-1.0,0.0,0.0));
#5131=DIRECTION('',(0.0,-1.0,-2.35696124453371E-16));
#5132=DIRECTION('',(0.0,-0.707106781186549,0.707106781186546));
#5133=DIRECTION('',(0.0,-1.0,0.0));
#5134=DIRECTION('',(0.0,-0.775964665160069,-0.630776377508719));
#5135=CARTESIAN_POINT('',(0.5,2.03,0.280000000000001));
#5136=DIRECTION('',(1.0,0.0,0.0));
#5137=DIRECTION('',(0.0,1.0,0.0));
#5138=CARTESIAN_POINT('',(0.3,2.03,0.280000000000001));
#5139=DIRECTION('',(1.0,0.0,0.0));
#5140=DIRECTION('',(0.0,1.0,0.0));
#5141=DIRECTION('',(0.0,-0.775964665160069,-0.630776377508719));
#5142=DIRECTION('',(0.0,-1.0,0.0));
#5143=DIRECTION('',(0.0,-0.707106781186549,0.707106781186546));
#5144=DIRECTION('',(0.0,-1.0,-2.35696124453371E-16));
#5145=DIRECTION('',(-1.0,0.0,0.0));
#5146=DIRECTION('',(-1.0,0.0,0.0));
#5147=DIRECTION('',(-1.0,0.0,0.0));
#5148=DIRECTION('',(-1.0,0.0,0.0));
#5149=DIRECTION('',(0.0,1.23908819712629E-15,1.0));
#5150=DIRECTION('',(0.0,1.0,0.0));
#5151=DIRECTION('',(0.0,0.88235294117647,-0.470588235294119));
#5152=DIRECTION('',(-1.0,0.0,0.0));
#5153=DIRECTION('',(-1.0,0.0,0.0));
#5154=PRESENTATION_LAYER_ASSIGNMENT('1','Layer 1',(#25));
ENDSEC;
END-ISO-10303-21;
